03173DD93C1171DA1788E6E7D733C5A9	15835	167280.0	10.563940637827598	193998.77999999982	12.251264919482148	11315692	714.6000631512472	33943.90000000006	2.1435996210925206
03C86D4368290AEC67540C6DAAB7A26C	10191	108956.5	10.691443430477873	133565.64000000004	13.106234913158673	6582480	645.9110980276715	25534.210000000003	2.505564713963301
0691AD5879B7C43F4E7E93FF7019983E	10204	144752.11	14.18582026656213	171463.6499999994	16.80357212857697	8869440	869.2120736965895	32954.679999999986	3.229584476675812
0B8213569660F969261FB8EBA38920CC	10929	149069.7	13.639829810595664	176126.85999999955	16.115551285570458	8793280	804.5823039619361	34318.59999999995	3.140140909506812
0C71F8127769E79E88C06D5FFFE6B0B8	11298	125751.3	11.13040361125863	149908.13999999926	13.268555496547997	7931362	702.014692865994	27311.45999999991	2.4173712161444425
0CD06267E2373D9C2429CF54FEA3FD83	10416	120356.33	11.554947196620583	145479.39	13.966915322580647	8107790	778.3976574500768	26783.910000000025	2.5714199308755785
113858235C45354A0F9A7A05843E9CD6	10264	107248.29000000001	10.448976032735777	129534.41000000027	12.620265978176176	6907370	672.9705767731879	24150.189999999988	2.3529023772408406
1282723E17178B704BEA68F60D90CB02	10200	114719.18	11.246978431372549	135099.42000000004	13.245041176470592	7276280	713.3607843137255	26434.000000000007	2.591568627450981
149974E97D992C3A227ED35C5EB3AA6B	10800	126749.95000000001	11.736106481481482	151892.50000000084	14.064120370370448	7847873	726.6549074074074	27524.299999999806	2.548546296296278
1659FF8E4DC20B6E1AECDDE3F7830E29	12577	131940.5	10.490617794386578	157481.4299999997	12.5213826826747	8612880	684.8119583366463	27885.309999999998	2.217167050966049
1735076F27B86A649F3564F27CAC1550	10993	120408.0	10.953152005821886	146060.08999999988	13.286645137814963	7445450	677.2900936959884	28271.42999999996	2.571766578731917
1802778DABBD7646096178ECC690AF1A	13169	134394.0	10.20533070088845	161733.72999999902	12.281397980104718	8306611	630.7700660642417	29346.50000000011	2.2284531855114365
1827F091B137E4E4F56DD0188EE1C94D	12716	144770.83000000002	11.384934727901857	170305.90999999986	13.393041050644845	9209220	724.2230261088392	32391.24999999988	2.547282950613391
18B482A398101BA9A4AE3925BD8619B5	12385	128546.0	10.379168348809044	154395.9999999996	12.466370609608365	7875840	635.917642309245	29527.020000000073	2.3840952765442127
18F07087C7A7B0086E6C36F832A90C37	10258	119886.5	11.687122246051862	146104.9500000005	14.24302495613185	6916740	674.2776369662703	29441.00999999996	2.8700536166894093
19B3F3F825E4C1DE13B9D5C0628F5001	11305	133980.25	11.851415302963291	160355.21999999933	14.18445112781949	8982780	794.5846970367094	30068.290000000055	2.6597337461300357
2194411B1E675A2DF19715E5B1BCD230	11131	118211.5	10.620025154972598	143050.5399999993	12.851544335639144	7725432	694.0465366993083	25720.300000000054	2.3106908633546
22CA618759C716436EA3257480199A32	10438	120825.0	11.575493389538225	143725.96999999968	13.769493197930608	7247640	694.3514083157693	27860.579999999973	2.669149262310785
23B49AF8CFA28510B28CBCAC21B66D51	10271	118369.0	11.524583779573556	142021.6900000001	13.827445234154425	7350360	715.6420991140103	26692.81999999998	2.5988530814915762
23DF80C977D15141F11DD713C523C311	16058	177944.5	11.081361315232282	212396.22999999716	13.226817162784728	11063839	688.9923402665338	39316.29999999993	2.4483933241997713
23F5E8FB4BC7E65E825E8484A596C45C	14052	167381.5	11.911578423000284	201181.57999999853	14.316935667520534	10286981	732.0652576145744	39307.64000000006	2.797298605180761
2545A7789EE71BCC18E5AC49E7886E30	10794	119812.5	11.099916620344636	146098.96999999954	13.53520196405406	6899461	639.1940893088753	28638.8999999999	2.6532240133407354
26BA37C5EAC9E27CC3C6644BF91F7FCC	11245	139345.33000000002	12.39175900400178	167997.68999999904	14.939767896842957	8578920	762.9097376611827	32691.099999999846	2.9071676300577898
26E360A3257DFA700C6359FD5F1A6869	10848	116902.75	10.776433443952802	142790.0800000007	13.162802359882068	6862815	632.6341261061947	26691.799999999963	2.4605272861356897
2A6A2823157A8F9B1054A5278B744F39	10035	119963.5	11.954509217737916	142423.42999999915	14.192668659690996	6782627	675.8970602889885	28971.600000000006	2.8870553064275044
2AF7F12032B8E5F4B193EDD98F603B6F	10862	124556.38	11.467168109003866	148104.2699999997	13.63508285766891	8299000	764.0397716810901	27855.51000000004	2.564491806297186
2E2F3FCD3FD964FE9F4565C9CDEB8953	10061	126202.0	12.543683530464168	145058.5699999996	14.417907762647808	6660103	661.9722691581354	33707.19999999994	3.3502832720405467
3251A220F065378A4E35BE26E611DA8D	11570	156451.14	13.522138288677615	189261.0199999983	16.357910112359402	9175319	793.0267070008643	39241.43000000011	3.391653414001738
327401DD2B20785110594AC85E3DAE1E	11450	143507.43	12.533399999999999	170094.54999999976	14.855419213973779	9319144	813.89903930131	32242.49000000018	2.815937991266391
33078DBE66FC2892A8FC1E76064BCA29	10274	119595.75	11.640621958341445	143733.57000000027	13.990030173252897	7865490	765.5723184738174	26818.769999999902	2.6103533190578063
3578782ABD6492CEB927B2A8EBCF1402	12796	127662.58	9.976756798999688	155559.1500000009	12.156857611753743	7157398	559.3465145357924	30110.899999999976	2.3531494216942774
37E144AF7ED7B3F9EDF929816BC4465A	10880	131378.3	12.075211397058823	158069.62999999928	14.528458639705816	7833686	720.0079044117647	31598.229999999905	2.904249080882344
386E14042C7A39EE731A075AC003A362	10382	123849.63	11.929265074166828	148320.58999999997	14.28632151801194	7874700	758.4954729339241	28185.700000000033	2.7148622616066302
39ACA94DEA90A1E74E18C6F6CB89C6BB	10121	103703.3	10.24634917498271	127277.54000000014	12.575589368639477	6281450	620.6353127161348	23499.740000000016	2.321879260942596
3AAB94CA53FE93A64811F65690654649	15370	192482.28	12.523245283018868	229184.07999999778	14.91113077423538	11725757	762.8989590110605	44519.200000000055	2.89649967469096
3BF38FF50D6DB3774E9ECD4F45465199	11772	134054.5	11.387572205232756	157759.55000000016	13.401252973156657	9153300	777.5484199796126	28509.330000000024	2.4217915392456697
3D757E111C78F5CAC83D44A92885D490	17355	191633.08000000002	11.04195217516566	226491.53000000017	13.05050590607895	12250469	705.8754825698646	41371.799999999974	2.383854796888503
3D7D4CFFF18E7696A12E55999D7A2FF3	10727	105973.5	9.879136757714178	122112.6199999999	11.383669245828274	6679590	622.6894751561481	21669.30000000001	2.0200708492588806
3E2D2C56FFAFFCAA7E3D5B18B57B0126	10640	121986.08	11.464857142857143	143697.4100000001	13.505395676691737	8086740	760.031954887218	26565.920000000056	2.496796992481208
3E7DE2A7DE12FE3F3E62AF403C8FEB94	11722	124130.5	10.589532502985838	145341.0200000003	12.398995052038927	7441648	634.8445657737587	28242.580000000093	2.409365296024577
41994F65A48F3685F735DA42BC8BEE3C	10444	121984.5	11.679864036767523	146441.77999999956	14.021618153963956	7765860	743.5714285714286	28035.579999999987	2.684371888165453
43E8B21323ECC444CDA7D0F662AC570A	11311	117143.5	10.356599770135267	143164.45999999953	12.657100167978033	7216628	638.0185659977013	25604.400000000052	2.263672531164358
46ADCFF76EF2B685F16C7B649AD44867	11225	113429.5	10.105077951002228	134204.94999999928	11.955897550111295	7114339	633.7941202672606	23815.499999999927	2.121648106904225
47C996804615AF38C7E1A4E32551D906	11080	127111.08	11.472119133574008	150506.36000000013	13.583606498194957	8743020	789.0812274368232	25886.159999999934	2.3362960288808603
4900D6FC1B973139CBC3BEB257E2713D	10050	120600.08	12.000007960199005	146435.54000000047	14.570700497512485	7225020	718.9074626865672	28974.570000000065	2.8830417910447825
4B603EE1F89483C5CA580C1171431963	11346	125127.87	11.028368588048652	152000.37000000084	13.39682443151779	7669988	676.0081085845231	28626.300000000047	2.523030142781601
4F021A55DAEAC961B5450395F04A4CB6	10030	119916.63	11.955795613160518	148322.0899999997	14.787845463609143	6345940	632.6959122632104	31198.55999999998	3.1105244267198384
4FAB0549D7D189B149423277E18A7DD0	12687	127938.09999999999	10.08418853944983	154657.10999999943	12.19020335776775	12368224	974.8738078347915	27163.99999999997	2.1410893040119783
51C1BE97280A80EBFA8DAD34E1956CF6	17411	181978.0	10.451898225259892	219788.54999999903	12.623545459766758	11249160	646.094997415427	41488.48000000016	2.3828889782321614
53A45F238DCDF2C413ACF13E1EE46A04	10427	125877.83	12.072295962405294	150988.23000000016	14.48050541862474	6823380	654.395319842716	31282.979999999934	3.000189891627499
56B3D4A55C62CFFECA7BCCD7E01413D7	10416	119028.0	11.42741935483871	143820.47000000003	13.807648809523812	7412004	711.5979262672811	26237.02000000006	2.518915130568362
578CC7ABCED093E88ED25C5E317AFC11	10795	118115.76	10.941710050949514	145023.23999999923	13.434297359888767	10784646	999.0408522464104	28989.83999999995	2.685487725798976
59109D503B899F944BA934C272259F0C	11922	133887.5	11.230288542190907	161334.670000001	13.532517195101578	8028607	673.4278644522731	32195.59999999991	2.700520046971977
59492BBD72E165AB1B870C1B7BF1EB70	10235	111764.5	10.919833903273082	131326.06999999992	12.831076697606246	7611372	743.6611626770884	22989.999999999865	2.2462139716658394
5B11BD0D9CDFE3722C401FBA4BFD6FC2	10815	127403.9	11.780295885344428	152893.57000000004	14.13717706888581	7600997	702.8198797965788	30365.859999999946	2.8077540453074383
5BC712E3724DC907182065BC7C3CBD41	11429	129451.5	11.32658150319363	155758.09000000003	13.628321812932016	8600820	752.5435296176394	28120.820000000018	2.460479482019426
5F62397CEB75D417D219D461B51E83C6	10772	123967.33	11.508292796138136	148294.91000000047	13.76670163386562	7724777	717.11632008912	27740.970000000005	2.575284998143335
5F7F4EE09860E77324AFFAA5E78CCD07	10145	107253.0	10.57200591424347	127804.88000000041	12.597819615574215	6705360	660.95219319862	24052.450000000004	2.370867422375555
5F9351CC273E38A49A6CD691FFF5B980	10631	112967.0	10.626187564669364	138131.1799999995	12.99324428557986	6979946	656.565327814881	26059.809999999943	2.4513037343617667
5F94A7BB869C832C9169244D487BDD9D	10362	113740.13	10.976657981084733	138592.82999999996	13.375104226983204	6447650	622.23991507431	27464.959999999894	2.6505462265971715
5FE41489E5C7E13F5F49CE982F12C49A	10635	125231.7	11.77543018335684	146664.9199999995	13.790777621062482	7533261	708.3461212976023	28845.86999999991	2.7123526093088772
6415F9B9E67F2989A43A5DBF14787BBD	10436	111254.0	10.660597930241472	137230.43999999997	13.149716366423915	6298800	603.5645841318512	26850.54999999998	2.5728775392870813
64FE37942BBD1C92D21F69227D782F64	10166	124111.0	12.20843989769821	151728.34999999925	14.925078693684759	15387861	1513.6593547117843	32465.200000000095	3.1935077710013866
650F13CC3CC6AD6FCDDD127FA2C6F87A	11335	147653.27	13.026314071460078	175067.55999999907	15.444866343184744	9173520	809.3092192324658	34815.319999999716	3.0714883105425423
657E1509F8C5709C7657C744E6149A5C	10076	94578.0	9.38646288209607	110135.91000000025	10.930519055180651	5889167	584.4746923382295	20317.57000000006	2.0164321159190215
65A7C84B428B0CCC2B71630FD333AC8D	13743	155833.61000000002	11.339126100560286	186980.5199999979	13.605509714036083	14517944	1056.3882703921997	34018.09999999998	2.4753037910208815
6B38951F9D76FA1C201EDAD717050CF7	12905	149327.61000000002	11.571298721425805	177541.11999999936	13.757545137543538	9405022	728.7889965129795	34063.749999999935	2.639577683068573
6DC841A5F028073A75BD0F570AB57035	13805	169151.5	12.252915610286129	200772.27999999886	14.543446577326973	10324740	747.8985874683086	40444.90999999996	2.9297290836653356
6E3F5DF57647CC19ACE7FC8559F65FF8	12784	141575.25	11.074409418022528	172806.0999999991	13.517373279098804	8155164	637.9195869837297	33882.39999999997	2.6503754693366686
70675A51BA7800862B7AB888998DC92A	10714	121208.49	11.313094082508867	144778.47999999954	13.513018480492772	7683000	717.0991226432704	26726.42000000004	2.4945323875303376
7090392F812CCD9B1E3EDE2A71DA854C	10124	98299.0	9.709502173054128	120116.21000000015	11.864501185302267	6814140	673.0679573291189	20417.53999999995	2.016746345318051
7155EEF0BC815A143F877AC1C12E47CB	11116	132593.5	11.928166606693056	157459.07999999943	14.16508456279232	9095460	818.2313781935948	29026.71000000004	2.6112549478229616
72B8C30D4DF03F289699D9CD1E6BB019	12528	144074.75	11.500219508301404	175746.0699999994	14.02826229246483	8226420	656.6427203065134	35571.63000000017	2.8393702107279832
747041C7F9EF5E4DD1C22B5EFFA6BF65	10411	110540.0	10.617615983094803	135297.67000000013	12.995645951397572	6778020	651.0440879838633	25175.54999999995	2.4181682835462444
74CC809D28AE726DDB32249C044DA4F8	14987	185851.22000000003	12.400828718222462	220946.89999999775	14.742570227530377	11104161	740.9195302595583	45174.59999999999	3.0142523520384326
76AC51FFFF22C9A6416560A8F70E2CB0	10438	117634.75	11.269855336271316	141204.33000000077	13.527910519256636	7600628	728.1689978923165	25645.900000000136	2.4569745161908543
7716123C59E6C0D69E76A14B79F338C1	11492	150939.0	13.134267316394013	180612.6099999997	15.71637747998605	9327360	811.6394013226593	36369.55000000004	3.1647711451444516
7755F15B53E80250D460614785B8027A	11328	113545.80999999998	10.023464865819207	138425.84000000058	12.219795197740163	6720944	593.3036723163842	25345.39999999998	2.23741172316384
778276074D6ED6D99739714E7D503D8C	10497	115609.0	11.013527674573687	140449.2900000007	13.379945698771145	7679751	731.6138896827665	24087.100000000046	2.2946651424216484
77DBE31464CB67BC058347D1F95672A8	10221	106504.05	10.420120340475492	130290.35000000057	12.747319244692356	5741302	561.7162704236376	25259.799999999912	2.4713628803443806
7913172189931A1A1632562B10AB53C4	12892	147304.5	11.426039404281726	175910.0799999988	13.644902264970431	9930253	770.2647378219051	31263.799999999836	2.4250542972385847
797E4DBEC1C53DBC3196540342C64D4B	10337	106292.3	10.282702911869983	124894.40000000063	12.082267582470797	6860408	663.6749540485634	21766.500000000127	2.1056883041501524
7B3DAEAD0556C7DC4BB925B0A8BED5D7	10010	124113.35	12.398936063936064	147213.41000000032	14.706634365634399	7728420	772.06993006993	28519.520000000004	2.8491028971028975
7BF82DF405FE31B89505CE70962669EB	11603	140020.2	12.067585969145911	169111.9999999997	14.574851331552159	8339957	718.7759200206843	33720.0000000001	2.9061449625097047
7D35FAFCC77E7BE262098A6E960EDBA4	13452	153025.9	11.375698780850431	183424.20999999827	13.63546015462372	14303033	1063.2644216473386	33750.300000000105	2.50894290811776
7F29DC4519B93DA549E67576A6F1FA50	10906	119372.0	10.945534568127636	140657.57000000007	12.897264808362376	7003861	642.2025490555658	28115.97000000016	2.5780276911791824
7F95B1590B7DA7B13B524DDEB46D9670	11190	120951.25	10.808869526362823	144438.26000000068	12.907798033958953	7433780	664.3235031277927	24996.799999999967	2.233851653261838
82C3589BD5DA6C0A5CFB14E012518F05	11749	134669.5	11.462209549748914	163111.70999999985	13.883029193973941	7145591	608.1871648650949	34658.199999999946	2.949885096603962
847349F8845A667D9AC7CDEDD1C873CB	11656	137548.5	11.800660603980782	164041.6599999992	14.07358098833212	8054357	691.0052333562114	32089.43999999994	2.7530404941660898
8563C459B3B0AD353D9989FFB65A90D0	11567	138346.94	11.960485864960663	164934.11999999877	14.259023082908168	12545703	1084.6116538428287	33151.80999999993	2.866068124837895
87719F953B9FB2100DB78DC758FAA63E	12206	137178.5	11.238612157955105	165065.7799999992	13.523331148615371	8844101	724.5699655906931	30430.099999999864	2.493044404391272
886A08E8A94E7ECDA6D6A9EAF79CF7AF	10744	127345.70999999999	11.852728034251674	153815.36999999968	14.3163970588235	7518400	699.7766195085629	29649.500000000135	2.7596332836932365
886E5B6E8B6559DDFC7FB8CF6CA74FDF	10076	92553.5	9.185539896784439	107828.37999999976	10.701506550218317	5573651	553.1610758237396	20753.800000000017	2.0597260817784853
8AF4527CF6E40B6E0A48BA68E2ADA1DD	10445	116066.6	11.112168501675443	141787.66	13.574692197223552	7147920	684.338918142652	27141.39000000004	2.598505505026332
8B668D24986CEC5AFDFAAF59253D8AB0	10068	97269.4	9.661243543901469	116013.1000000006	11.522953913389015	6355488	631.2562574493445	20066.10000000004	1.993057210965439
8BAF0B49E5213E010109D31BDF591FD6	10307	131511.5	12.759435335209082	157122.57999999952	15.24425924129228	9019560	875.0907150480256	29598.729999999967	2.8717114582322663
8D36B4B1338F03B29F00C607421A2029	10222	123987.1	12.129436509489338	149766.82000000027	14.651420465662323	7126992	697.2208961064371	30512.900000000038	2.9850225004891446
8DA9C0428A748E09EFE79A7CCC465BF8	11092	142151.5	12.815677966101696	169753.19999999978	15.304111071042172	9321820	840.4093040028849	32422.78000000006	2.923077893977647
8E25DC0D1E28572AAD4E8E3CDFE53FB0	10177	117624.5	11.557875601847302	140686.1700000003	13.823933379188396	8094780	795.3994300874521	24408.109999999913	2.3983600275130113
9138D1C926529049817DD4609AA26059	10458	135172.41	12.925263912794033	163664.07999999967	15.649653853509243	7585380	725.3184165232358	34712.48999999992	3.3192283419391773
92E10581A1EF357443217961F5E31A4C	10505	142010.95	13.518415040456926	171371.68999999916	16.313345073774315	12890371	1227.0700618752974	35657.2999999999	3.3943169919086054
93FEB96495E8C05E802A10034BE59F30	10778	119670.0	11.10317313045092	138557.60000000012	12.855594730005578	6795780	630.5232881796252	29064.050000000032	2.696608832807574
95A923023662AFAD6DD37F5A3B88C673	11238	111031.0	9.879960847125822	135292.40000000029	12.038832532479114	7228750	643.2416800142374	23276.979999999985	2.071274248086847
964F343C11832EB861DAED98D98AE37E	10269	108325.99	10.548835329632876	127201.1399999998	12.386906222611724	6984904	680.1932028435095	27068.800000000097	2.6359723439478135
96B7DC0D9175EDC301DABE826126C6AC	10863	129798.25	11.948655988216883	156551.12999999942	14.411408450704172	12211030	1124.0937126024119	30245.500000000025	2.784267697689407
97D69234890159189C8FE446D5980980	10535	114546.0	10.872899857617465	135185.43999999974	12.832030374940649	7331579	695.9258661604176	24548.20000000007	2.330156620787857
999B8849CDE64DEF33A0ECC862A44F30	11114	132610.8	11.931869713874391	154671.3899999996	13.9168067302501	8319217	748.5349109231599	30217.840000000047	2.7188986863415554
9AF8E427A56850F92103F0D469B7A3C1	12423	141568.0	11.39563712468808	167048.80999999944	13.446736698060006	8594040	691.7845930934557	33058.78999999993	2.6610955485792425
9B4A87D256F9FF9C0A789F0275A571DA	11518	142407.0	12.363865254384441	168802.6099999995	14.65554870637259	8771164	761.5179718701163	32192.00000000001	2.79492967529085
9D1B49F1300FE00670C5052C008D2112	13274	157640.19999999998	11.875862588518908	190059.84999999977	14.318204761187266	8755720	659.6142835618502	38483.05999999999	2.8991306313093257
9E035DBF346FDE01FE87FAB470276DA6	14014	137925.0	9.841943770515199	164430.5900000003	11.73330883402314	9636240	687.6152419009562	27551.769999999986	1.9660175538746958
9E3988E598B0B04B8E0D9967BFBBC236	10119	112344.83	11.102364858187569	137468.40000000014	13.585176400830136	6353740	627.9019665974898	27903.73999999985	2.7575590473366782
A0E4376A7A6CCBC8F9AF2025526679B5	10472	119676.25	11.42821333078686	140289.41	13.3966205118411	6441470	615.1136363636364	26345.89999999998	2.515842245989303
A19CA52E8D354018EF2EE45EAF62F8EB	10509	114335.5	10.87976972119136	139157.2999999999	13.241726139499468	6792830	646.3821486345038	26633.27999999997	2.534330573793888
A38CE69F84E515A71DF18F9786F13690	10708	146416.31	13.673544079193126	174372.73999999883	16.284342547627833	8749559	817.1048748599178	35457.20000000013	3.3112812850205575
A40E2C4854968029358B664F6BDD0538	10312	114175.0	11.072051978277734	137989.71	13.381469162141194	7231200	701.2412723041117	25307.400000000078	2.454169899146633
A430D0FDACEF94FC96CCED267E9C5A86	10118	105516.58	10.42860051393556	129206.94999999994	12.77000889503854	6356860	628.2723858470054	24654.999999999993	2.4367463925677004
A930D2699A076C6EFAAE2F0A97C10498	10588	121183.0	11.445315451454476	145725.90999999977	13.763308462410254	6882300	650.0094446543256	29577.979999999927	2.793537967510382
AB6F028ECDB62E44BE3ACEDE4E935ED6	13294	179661.0	13.514442605686776	214744.7299999981	16.153507597412222	10735800	807.5673236046337	44995.50999999977	3.3846479614863676
AFC75912D19C0CB0D48A34412F0E03ED	12044	167951.75	13.94484805712388	203215.9599999978	16.872796413151594	9963129	827.2275821986051	42254.4999999999	3.5083444038525324
B1778CC6F3F09AC84C3C9AA78F3187B0	10026	115352.5	11.505336126072212	139781.39999999964	13.941891083183688	7674000	765.409934171155	25078.879999999976	2.5013844005585453
B4A86569C6724CC64B2C5677F299B6EF	10038	101736.0	10.135086670651525	119228.29999999957	11.87769475991229	10669050	1062.8661087866108	21653.200000000073	2.1571229328551578
B7661DF207AD66261466F11C1709B0EE	11613	122686.0	10.564539739946612	145248.06999999992	12.507368466373885	11670208	1004.9262033927495	27913.54000000003	2.40364591406183
B834ED40BBDF5B4DCC5336E9AC7B9130	10197	107394.5	10.531970187309993	128838.87000000103	12.634977934686773	6164581	604.5484946552908	23505.299999999923	2.3051191526919608
B913810D7F822DF4642B2F1137A01077	10125	115620.5	11.41930864197531	139952.7599999998	13.822494814814796	7592520	749.8785185185185	26107.300000000043	2.578498765432103
B986A27B349469F521EE108348C5C1ED	11138	125468.11	11.264868917220326	149870.54000000027	13.455785598850806	7715100	692.6827078470102	30176.88999999993	2.7093634404740463
BAC38C9133317547DF328ABDEEF8B7D5	13894	141072.0	10.153447531308478	167682.05999999886	12.068667050525324	9251892	665.8911760472146	29074.00000000007	2.092557938678571
BBC79E268414803DDD0D86CA72772BE0	11198	120886.51	10.795366136810145	143961.00999999925	12.85595731380597	7716597	689.1049294516878	25495.399999999932	2.2767815681371615
BE8434549C883CD77312BC308BE9E80F	10064	106794.5	10.611536168521463	127152.86000000003	12.63442567567568	6044785	600.6344395866455	25847.759999999947	2.5683386327503923
C1BF80C22FDF2F3D71805BEDB96B4800	10707	123377.0	11.523022321845522	149219.1399999993	13.93659661903421	6575269	614.1093677033716	31944.700000000008	2.9835341365461856
C2E619FDD06E795384B6E04B3CB4949A	10732	119891.0	11.171356690272084	146727.3399999995	13.671947446887765	15222046	1418.3792396571002	28645.40000000008	2.6691576593365713
C4B62F0697BC53B9859CD87B151B6BB1	13961	171388.6	12.276240956951508	204650.12999999954	14.65870138242243	11043089	790.9955590573741	39192.99999999987	2.8073203925220165
C4E07B8C06FAB8E540BECE2DDCDFE6BA	13392	160605.3	11.992629928315411	194238.07999999775	14.50403823178	14200286	1060.3558841099164	37663.19999999992	2.8123655913978434
C663F676327347257C17AF2C17BBA446	11352	121754.5	10.725378787878787	148903.86000000002	13.116971458773786	8190510	721.5036997885835	26367.61999999991	2.3227290345313523
C6696FE9EB95BC5FBFBB525B846DEB0D	10219	118922.5	11.637391134161856	143410.01999999964	14.033664742146946	7562423	740.0355220667384	27120.400000000092	2.6539191701732157
C69A4B47D47EBDB4424B2DCC9DB31A08	10925	119215.17	10.912143707093822	146142.41999999943	13.376880549199033	7168148	656.1233867276887	27307.90000000002	2.499578947368423
C7090B99560430548CA78A5E790B68D3	11881	131648.71000000002	11.080608534635134	160567.18999999913	13.514619139802974	7634588	642.587997643296	32459.899999999878	2.732084841343311
C7296C2B66BD0F18E34C3CFCF5889F1D	10020	124126.3	12.387854291417167	149109.74	14.881211576846306	7161720	714.7425149700599	29217.309999999983	2.9158992015968046
C779D022381EA6EFE908F6359D917FEF	12525	154973.0	12.373093812375249	184387.4399999993	14.721552095808327	9349518	746.4685029940119	36952.70000000004	2.9503153692614803
C8D349DC61BCD170E1122B6503F8EE78	10131	127638.71	12.598826374494127	152554.54000000024	15.058191688875752	7545300	744.7734675747705	29883.68000000003	2.9497265817787017
CAC19554659C889B5DB4DDA571B5708E	10074	107983.0	10.71897955132023	127784.39000000016	12.684573158626183	6693950	664.4778638078221	24382.419999999962	2.4203315465554858
CB042819103238D6964CE14D16F08520	10146	114198.5	11.255519416518824	139137.95999999993	13.713577764636304	19264432	1898.7218608318549	27537.899999999947	2.714163217031337
CCA3B21BC62202C60D7DDDB4A01BADEB	10924	127399.5	11.662348956426218	154695.47999999876	14.161065543756752	10786434	987.4069937751739	32966.30000000005	3.017786525082392
CDD1423BA205724365A0B429875C022B	11628	131269.0	11.2890436876505	154495.5499999999	13.286511007911928	7247620	623.2903336773306	32703.609999999957	2.8124879600963157
CDE0E71B18BC61B71E8AAC1D04D0E142	11220	150478.33000000002	13.411615864527631	178030.3500000007	15.867232620320918	9218346	821.5994652406417	34037.00000000009	3.0336007130124854
CE625FD96D0FAFC812A6957139B354A1	14373	156801.52000000002	10.90944966256175	186770.92999999892	12.9945682877617	9947688	692.1093717386767	34037.100000000064	2.3681277395115887
CF534DC312A5A546C244752560270D18	10048	102151.1	10.166311703821657	120126.54000000076	11.95526871019116	6443015	641.2236265923567	21302.060000000023	2.1200298566879003
CF7400C72467236DE33DA4552B333FF1	10333	109187.0	10.566824736281816	126854.4300000002	12.27663118165104	7172100	694.0965837607665	23582.08000000006	2.2822103938836795
CFCD208495D565EF66E7DFF9F98764DA	14943	597405.010000001	39.97892056481302	627132.0999999975	41.9682861540519	13526850	905.2298735193737	45279.560000000085	3.030151910593595
D068EEE473E74D8594339CC08CDE56F4	10240	113820.0	11.115234375	138202.4000000003	13.49632812500003	7003860	683.970703125	26628.19000000004	2.600409179687504
D0A03D3F96ABF79F0CC1C76E314BB234	10330	117802.5	11.403920619554695	143055.9299999989	13.848589545014413	15165180	1468.0716360116166	27624.40000000001	2.6741916747337857
D16C32B0E2463004C869B9F17E3D14E0	10080	113437.25	11.253695436507936	137058.56000000017	13.597079365079383	6512760	646.1071428571429	27732.94999999991	2.751284722222213
D3351C6964BD3E25F503D73B519DFF58	10874	119535.61	10.992791061247011	144881.85000000003	13.323694132793824	7555600	694.8317086628656	27230.29000000008	2.5041649806878867
D3E7E9E5B2487C1205557D3E6EEC900D	11037	137240.0	12.434538370934131	164730.58999999962	14.9253048835734	8580230	777.4059980067047	32272.459999999985	2.924024644378
D4622B78427BBBF04552BF22E4C14483	10451	134129.55	12.834135489426847	162908.26999999973	15.587816476892137	7749650	741.5223423595828	31345.159999999993	2.999249832551908
D4F9A416C7EB483A806CF1ADF6C87191	11495	128663.58	11.193003914745542	155969.50999999983	13.568465419747701	7636994	664.3752936059157	29744.2	2.5875772074815138
D85749E8852FCC66A990E40605607B2F	16752	203805.12	12.166017191977078	243239.7999999986	14.520045367717204	11910084	710.964899713467	48081.88999999969	2.870217884431691
DCF3039C793D6A493B27482A16662E3C	10629	120613.5	11.347586790855207	144106.44999999992	13.5578558660269	7947360	747.70533446232	26415.260000000013	2.4852065104901695
DD35F09BF4591EA47D56A56D014B12FD	11664	118566.0	10.165123456790123	142337.87000000005	12.203178155006864	60942242	5224.8149862825785	25000.699999999975	2.143407064471877
DE72BB645050C4E54DE38DC5C3F3C783	11590	132345.13	11.41890681622088	159064.80999999912	13.724314926660838	7802500	673.2096635030199	30788.69999999991	2.656488352027602
E39C3B9763F5BF520E8BA54137522274	10005	131444.83000000002	13.137914042978512	157365.34999999954	15.72867066466762	7611883	760.807896051974	32124.80000000002	3.210874562718643
E5DE5AB287FC7BEBF50224BAB9FEDBE8	10082	124139.0	12.312933941678239	150774.08999999988	14.954779805594116	7073100	701.5572307081928	29811.990000000013	2.9569519936520545
E60D35453F53AB194D9CF7276703FE2F	10026	120805.44	12.049216038300418	144064.3300000002	14.369073409136265	6984480	696.6367444643926	28929.290000000034	2.8854268900857805
E66E58207128619CFF2D2E2C3C7ECC08	13316	153202.58000000002	11.505150195253831	183099.73999999938	13.75035596275153	8887610	667.4384199459297	35707.91999999997	2.681580054070289
E709CCD54538CC0D44B4564C707F95DC	10901	105384.5	9.667415833409779	124339.73999999992	11.406269149619293	6224184	570.9736721401706	22604.099999999973	2.0735804054673856
E9FECDEBD0020F1F949260F0C6319EE1	10843	123306.6	11.372000368901595	150143.50999999934	13.847045098219988	7293398	672.6365397030343	29550.600000000086	2.725315871991154
EAD4E0D6B120C89A22649BBDC20A4401	10438	118785.5	11.38010155202146	143709.18999999986	13.767885610270152	7736880	741.2224564092738	26409.219999999943	2.530103468097331
EB6393AB3EC5B1062FE7630F0C06746F	10749	103944.5	9.670155363289608	126196.67999999959	11.740318169131974	10769861	1001.940738673365	23247.89999999995	2.1627965392129456
EC449C57810CE80CE9C000103E590DE8	10244	115128.5	11.238627489262006	135596.53000000003	13.236678055447094	6833520	667.0753611870363	26981.000000000047	2.633834439672008
ED659E6025D5FD02BB56EAB10D14335B	10223	123966.5	12.12623496038345	148566.83000000005	14.532605888682387	7802280	763.2084515308618	28718.330000000005	2.8091881052528618
EE8ACD83A7CFA0A07B8B0E1C8AFE91A6	10814	111778.51000000001	10.33646291843906	131830.17000000094	12.1906944701314	6863709	634.7058442759386	23751.400000000016	2.1963565748104323
EF5ABC4F0E5F2D7B8E12EF044A9C1F11	10407	118399.75	11.376933794561353	142425.8900000003	13.685585663495754	6614010	635.5347362352263	29302.249999999967	2.815628903622559
F1A48BEF03588A0AC463EECD1AD28312	10538	146074.0	13.86164357563105	174169.99999999997	16.527804137407475	9300933	882.6089390776239	34306.499999999956	3.2555038906813394
F49FD0D84449AE7F72F3BC492CD6C754	10891	112085.0	10.291525112478192	133484.76999999996	12.256429161693138	6904200	633.9362776604536	24269.589999999975	2.228407859700668
F59F2299B41EFA29C6D668F54D8D2868	10283	117145.63	11.39216473791695	138534.04000000042	13.472142370903473	6830692	664.2703491199067	26568.900000000143	2.5837693280171297
F80CFB4D132B9EF816E1B0ECCEE236B0	10570	120897.94	11.437837275307475	144476.4099999999	13.668534531693462	7612850	720.2317880794702	27669.799999999905	2.617767265846727
FB839F118679E86DF978772AC7ECD1CF	11574	122066.01	10.546570762052877	148644.34000000125	12.842953170900401	7391462	638.6264040089857	26657.800000000072	2.3032486607914353
FC6196D410AB539F2EDAB4208CE6BABF	10711	118000.05	11.016716459714313	143410.54999999964	13.389090654467337	6891466	643.4008029128933	27937.50000000006	2.608299878629452
FE090DBA059FB840018F23BF4138D509	10060	111107.0	11.044433399602386	130771.68000000049	12.99917296222669	6625348	658.5833001988071	25498.709999999963	2.534663021868784
FE1900ED65F1FAD574113895C5CEA071	10003	110778.8	11.074557632710187	135316.2999999998	13.527571728481437	6873036	687.0974707587724	24978.799999999956	2.497130860741773
FF0FBFBB6B1D34686F7A94DA32818F4C	10436	119211.25	11.423078765810656	145480.04000000015	13.940210808738994	11707785	1121.8651782292065	26638.000000000113	2.55251054043696
FF47859ABD6EC279E246FF3D245801AC	10202	113835.25	11.15813075867477	138918.84000000032	13.616824152127064	6642120	651.0605763575769	27877.64999999995	2.7325671436973096
FFFBCEA3D4E21E05902EE67AD556F67C	11855	127608.0	10.764065795023196	155145.87999999998	13.086957401940108	7588980	640.1501476170392	30031.840000000117	2.533263601855767
