BE530E79CB7E459DEF5BBDF2F319EDC1	0002555BBE359440D6CEB34B699D3932	2013-01-01 19:59:25	2013-01-01 20:07:57	CSH	9.0	0.0	0.5	0.0	0.0	9.5	2	512	2.2	-73.984062	40.72908	-73.981079	40.753746
BE530E79CB7E459DEF5BBDF2F319EDC1	0002555BBE359440D6CEB34B699D3932	2013-01-01 20:15:23	2013-01-01 20:26:49	CSH	8.5	0.5	0.5	0.0	0.0	9.5	3	685	1.0	-73.975067	40.765324	-73.985733	40.755859
BE530E79CB7E459DEF5BBDF2F319EDC1	0002555BBE359440D6CEB34B699D3932	2013-01-01 21:47:40	2013-01-01 21:57:05	CSH	13.0	0.5	0.5	0.0	0.0	14.0	1	564	4.2	-73.988541	40.720161	-73.955399	40.772987
BE530E79CB7E459DEF5BBDF2F319EDC1	0002555BBE359440D6CEB34B699D3932	2013-01-02 21:25:53	2013-01-02 21:43:02	CSH	25.5	0.5	0.5	0.0	4.8	31.3	1	1029	8.8	-73.87442	40.773979	-73.980026	40.732384
BE530E79CB7E459DEF5BBDF2F319EDC1	0002555BBE359440D6CEB34B699D3932	2013-01-03 02:03:26	2013-01-03 02:06:42	CSH	5.5	0.5	0.5	0.0	0.0	6.5	2	196	1.1	-73.967621	40.756344	-73.97673	40.741879
BE530E79CB7E459DEF5BBDF2F319EDC1	0002555BBE359440D6CEB34B699D3932	2013-01-04 00:18:51	2013-01-04 00:26:38	CRD	8.0	0.5	0.5	3.0	0.0	12.0	1	467	1.8	-73.983772	40.77058	-73.96167	40.776863
BE530E79CB7E459DEF5BBDF2F319EDC1	0002555BBE359440D6CEB34B699D3932	2013-01-04 20:58:08	2013-01-04 21:04:51	CRD	6.0	0.5	0.5	2.0	0.0	9.0	3	402	0.7	-73.984726	40.726604	-73.997688	40.729343
BE530E79CB7E459DEF5BBDF2F319EDC1	0002555BBE359440D6CEB34B699D3932	2013-01-05 03:36:10	2013-01-05 03:48:18	CSH	12.0	0.5	0.5	0.0	0.0	13.0	2	727	2.9	-74.005928	40.739914	-73.974373	40.761551
BE530E79CB7E459DEF5BBDF2F319EDC1	0002555BBE359440D6CEB34B699D3932	2013-01-05 19:11:24	2013-01-05 19:26:39	CRD	25.5	0.0	0.5	6.15	4.8	36.95	1	914	9.1	-73.874634	40.774117	-73.961319	40.762672
BE530E79CB7E459DEF5BBDF2F319EDC1	0002555BBE359440D6CEB34B699D3932	2013-01-05 20:05:01	2013-01-05 20:13:53	CSH	7.0	0.5	0.5	0.0	0.0	8.0	2	532	0.9	-73.973427	40.763721	-73.958374	40.760571
BE530E79CB7E459DEF5BBDF2F319EDC1	0002555BBE359440D6CEB34B699D3932	2013-01-05 20:39:04	2013-01-05 20:56:48	CRD	18.5	0.5	0.5	3.9	0.0	23.4	2	1063	5.3	-73.974236	40.75721	-74.006638	40.71154
BE530E79CB7E459DEF5BBDF2F319EDC1	0002555BBE359440D6CEB34B699D3932	2013-01-06 04:04:49	2013-01-06 04:18:55	CRD	15.5	0.5	0.5	4.95	0.0	21.45	1	846	4.5	-73.978409	40.745136	-73.954689	40.736641
BE530E79CB7E459DEF5BBDF2F319EDC1	0002555BBE359440D6CEB34B699D3932	2013-01-08 20:21:00	2013-01-08 20:29:30	CSH	9.5	0.5	0.5	0.0	0.0	10.5	2	510	2.0	-73.971474	40.759949	-73.970467	40.783958
BE530E79CB7E459DEF5BBDF2F319EDC1	0002555BBE359440D6CEB34B699D3932	2013-01-08 21:55:28	2013-01-08 22:03:44	CSH	7.0	0.5	0.5	0.0	0.0	8.0	2	495	1.0	-73.986877	40.760689	-73.993301	40.752342
BE530E79CB7E459DEF5BBDF2F319EDC1	0002555BBE359440D6CEB34B699D3932	2013-01-08 22:52:39	2013-01-08 22:59:58	CRD	6.5	0.5	0.5	1.5	0.0	9.0	1	438	1.0	-73.974373	40.757378	-73.991028	40.765156
BE530E79CB7E459DEF5BBDF2F319EDC1	0002555BBE359440D6CEB34B699D3932	2013-01-08 23:28:47	2013-01-08 23:46:35	CSH	13.0	0.5	0.5	0.0	0.0	14.0	1	1067	1.8	-73.955269	40.769035	-73.960213	40.766987
BE530E79CB7E459DEF5BBDF2F319EDC1	0002555BBE359440D6CEB34B699D3932	2013-01-09 03:08:20	2013-01-09 03:18:13	CSH	11.0	0.5	0.5	0.0	0.0	12.0	1	593	2.9	-73.979691	40.765587	-73.95211	40.787247
BE530E79CB7E459DEF5BBDF2F319EDC1	0002555BBE359440D6CEB34B699D3932	2013-01-09 19:23:44	2013-01-09 19:27:22	CRD	4.5	1.0	0.5	1.2	0.0	7.2	1	217	0.5	-73.992973	40.752316	-73.998344	40.756912
BE530E79CB7E459DEF5BBDF2F319EDC1	0002555BBE359440D6CEB34B699D3932	2013-01-10 18:27:45	2013-01-10 19:02:45	CRD	32.5	1.0	0.5	7.75	4.8	46.55	1	2100	8.6	-73.885323	40.773102	-73.98613	40.759998
BE530E79CB7E459DEF5BBDF2F319EDC1	0002555BBE359440D6CEB34B699D3932	2013-01-10 22:29:25	2013-01-10 22:47:58	CSH	28.5	0.5	0.5	0.0	4.8	34.3	1	1112	9.7	-73.871002	40.773804	-73.864563	40.838139
BE530E79CB7E459DEF5BBDF2F319EDC1	0002555BBE359440D6CEB34B699D3932	2013-01-10 23:54:44	2013-01-10 23:57:54	CRD	5.5	0.5	0.5	1.5	0.0	8.0	1	189	1.1	-73.96756	40.756336	-73.978233	40.741772
BE530E79CB7E459DEF5BBDF2F319EDC1	0002555BBE359440D6CEB34B699D3932	2013-01-10 23:59:03	2013-01-11 00:07:51	CSH	9.0	0.5	0.5	0.0	0.0	10.0	2	527	2.1	-73.978394	40.741631	-73.982986	40.761875
BE530E79CB7E459DEF5BBDF2F319EDC1	0002555BBE359440D6CEB34B699D3932	2013-01-11 20:23:52	2013-01-11 20:27:02	CRD	4.5	0.5	0.5	1.1	0.0	6.6	1	189	0.7	-73.978622	40.762936	-73.983047	40.771057
BE530E79CB7E459DEF5BBDF2F319EDC1	0002555BBE359440D6CEB34B699D3932	2013-01-11 21:25:52	2013-01-11 21:29:34	CRD	5.0	0.5	0.5	1.2	0.0	7.2	4	221	0.9	-73.989754	40.757526	-73.979675	40.763538
BE530E79CB7E459DEF5BBDF2F319EDC1	0002555BBE359440D6CEB34B699D3932	2013-01-11 21:46:59	2013-01-11 21:59:42	CSH	9.5	0.5	0.5	0.0	0.0	10.5	1	763	1.5	-73.985596	40.760021	-73.97348	40.751358
BE530E79CB7E459DEF5BBDF2F319EDC1	0002555BBE359440D6CEB34B699D3932	2013-01-12 00:52:09	2013-01-12 01:04:55	CRD	11.0	0.5	0.5	1.0	0.0	13.0	2	765	2.4	-73.98716	40.718384	-73.98127	40.746849
BE530E79CB7E459DEF5BBDF2F319EDC1	0002555BBE359440D6CEB34B699D3932	2013-01-12 02:18:35	2013-01-12 02:42:38	CRD	36.0	0.5	0.5	5.0	0.0	42.0	1	1442	12.9	-73.951828	40.777348	-73.975143	40.65501
BE530E79CB7E459DEF5BBDF2F319EDC1	0002555BBE359440D6CEB34B699D3932	2013-01-12 03:17:42	2013-01-12 03:25:35	CSH	9.0	0.5	0.5	0.0	0.0	10.0	2	473	2.2	-73.969429	40.757084	-73.99015	40.737133
BE530E79CB7E459DEF5BBDF2F319EDC1	0002555BBE359440D6CEB34B699D3932	2013-01-12 23:35:18	2013-01-12 23:37:36	CSH	3.5	0.5	0.5	0.0	0.0	4.5	1	137	0.3	-74.001488	40.746422	-74.005043	40.741428
BE530E79CB7E459DEF5BBDF2F319EDC1	0002555BBE359440D6CEB34B699D3932	2013-01-15 19:38:01	2013-01-15 19:53:47	CRD	16.0	1.0	0.5	1.5	0.0	19.0	1	945	4.7	-73.974739	40.74184	-73.943359	40.768978
BE530E79CB7E459DEF5BBDF2F319EDC1	0002555BBE359440D6CEB34B699D3932	2013-01-15 20:02:05	2013-01-15 20:16:10	CSH	14.0	0.5	0.5	0.0	0.0	15.0	1	845	3.7	-73.930275	40.756805	-73.947975	40.778645
BE530E79CB7E459DEF5BBDF2F319EDC1	0002555BBE359440D6CEB34B699D3932	2013-01-16 00:46:56	2013-01-16 01:02:54	CRD	14.5	0.5	0.5	5.0	0.0	20.5	1	957	3.7	-73.998337	40.722778	-73.979164	40.763859
BE530E79CB7E459DEF5BBDF2F319EDC1	0002555BBE359440D6CEB34B699D3932	2013-01-16 20:46:20	2013-01-16 20:57:40	CRD	10.5	0.5	0.5	1.0	0.0	12.5	1	680	2.2	-73.974312	40.751434	-74.005753	40.748283
BE530E79CB7E459DEF5BBDF2F319EDC1	0002555BBE359440D6CEB34B699D3932	2013-01-16 21:27:25	2013-01-16 21:39:35	CRD	11.0	0.5	0.5	2.4	0.0	14.4	1	730	2.5	-73.978996	40.753136	-73.949402	40.770962
BE530E79CB7E459DEF5BBDF2F319EDC1	0002555BBE359440D6CEB34B699D3932	2013-01-16 22:37:23	2013-01-16 22:52:57	CRD	15.5	0.5	0.5	4.1	0.0	20.6	1	934	4.0	-73.972305	40.690292	-73.997391	40.736664
BE530E79CB7E459DEF5BBDF2F319EDC1	0002555BBE359440D6CEB34B699D3932	2013-01-17 18:24:04	2013-01-17 18:46:19	CRD	26.5	1.0	0.5	9.8	4.8	42.6	1	1335	8.4	-73.885376	40.773056	-73.959465	40.766754
BE530E79CB7E459DEF5BBDF2F319EDC1	0002555BBE359440D6CEB34B699D3932	2013-01-17 20:11:14	2013-01-17 20:17:05	CRD	6.0	0.5	0.5	2.1	0.0	9.1	1	351	0.9	-73.975143	40.749252	-73.99028	40.757565
BE530E79CB7E459DEF5BBDF2F319EDC1	0002555BBE359440D6CEB34B699D3932	2013-01-17 21:37:38	2013-01-17 21:46:15	CSH	7.0	0.5	0.5	0.0	0.0	8.0	1	516	0.8	-73.989586	40.726105	-73.999062	40.734188
BE530E79CB7E459DEF5BBDF2F319EDC1	0002555BBE359440D6CEB34B699D3932	2013-01-18 01:01:27	2013-01-18 01:03:38	CRD	3.5	0.5	0.5	0.5	0.0	5.0	3	131	0.2	-73.985413	40.73843	-73.989159	40.736763
BE530E79CB7E459DEF5BBDF2F319EDC1	0002555BBE359440D6CEB34B699D3932	2013-01-18 03:43:31	2013-01-18 03:53:56	CRD	12.5	0.5	0.5	0.0	0.0	13.5	2	625	3.8	-73.988579	40.719219	-73.978271	40.762989
BE530E79CB7E459DEF5BBDF2F319EDC1	0002555BBE359440D6CEB34B699D3932	2013-01-18 19:07:43	2013-01-18 19:16:41	CRD	9.5	1.0	0.5	2.2	0.0	13.2	1	537	2.0	-73.953049	40.786137	-73.965912	40.761784
BE530E79CB7E459DEF5BBDF2F319EDC1	0002555BBE359440D6CEB34B699D3932	2013-01-18 19:17:51	2013-01-18 19:33:02	CRD	11.5	1.0	0.5	2.6	0.0	15.6	1	911	2.0	-73.965836	40.76226	-73.990791	40.750778
BE530E79CB7E459DEF5BBDF2F319EDC1	0002555BBE359440D6CEB34B699D3932	2013-01-18 21:20:45	2013-01-18 21:41:01	CSH	18.5	0.5	0.5	0.0	0.0	19.5	2	1216	5.0	-73.95153	40.769184	-74.0028	40.73341
BE530E79CB7E459DEF5BBDF2F319EDC1	0002555BBE359440D6CEB34B699D3932	2013-01-18 22:22:56	2013-01-18 22:27:38	CRD	5.5	0.5	0.5	1.0	0.0	7.5	2	281	0.7	-73.988647	40.748878	-73.983772	40.743839
BE530E79CB7E459DEF5BBDF2F319EDC1	0002555BBE359440D6CEB34B699D3932	2013-01-19 02:11:14	2013-01-19 02:17:25	CSH	6.0	0.5	0.5	0.0	0.0	7.0	4	370	0.8	-73.982529	40.764091	-73.971985	40.75713
BE530E79CB7E459DEF5BBDF2F319EDC1	0002555BBE359440D6CEB34B699D3932	2013-01-19 03:08:21	2013-01-19 03:08:30	DIS	2.5	0.5	0.5	0.0	0.0	3.5	1	8	12.6	-73.982986	40.76796	-73.982994	40.767967
BE530E79CB7E459DEF5BBDF2F319EDC1	0002555BBE359440D6CEB34B699D3932	2013-01-19 03:53:35	2013-01-19 03:53:45	DIS	2.5	0.5	0.5	0.0	0.0	3.5	1	9	2.1	-73.981789	40.763515	-73.981674	40.7635
BE530E79CB7E459DEF5BBDF2F319EDC1	0002555BBE359440D6CEB34B699D3932	2013-01-22 21:12:52	2013-01-22 21:34:53	CSH	20.0	0.5	0.5	0.0	0.0	21.0	1	1321	5.1	-73.979988	40.763241	-74.006905	40.718807
BE530E79CB7E459DEF5BBDF2F319EDC1	0002555BBE359440D6CEB34B699D3932	2013-01-23 00:51:10	2013-01-23 01:11:36	CRD	31.0	0.5	0.5	7.35	4.8	44.15	1	1225	10.7	-73.874557	40.774101	-73.984856	40.76833
BE530E79CB7E459DEF5BBDF2F319EDC1	0002555BBE359440D6CEB34B699D3932	2013-01-23 02:41:58	2013-01-23 02:55:38	CSH	18.0	0.5	0.5	0.0	0.0	19.0	1	819	5.3	-73.95787	40.717709	-73.894974	40.756321
BE530E79CB7E459DEF5BBDF2F319EDC1	0002555BBE359440D6CEB34B699D3932	2013-01-23 20:19:58	2013-01-23 20:38:38	CRD	14.0	0.5	0.5	2.8	0.0	17.8	1	1120	2.8	-73.970093	40.756447	-74.00634	40.743938
BE530E79CB7E459DEF5BBDF2F319EDC1	0002555BBE359440D6CEB34B699D3932	2013-01-24 20:00:35	2013-01-24 20:20:38	CRD	14.5	0.5	0.5	3.1	0.0	18.6	1	1202	3.1	-73.975471	40.758892	-74.005699	40.725616
BE530E79CB7E459DEF5BBDF2F319EDC1	0002555BBE359440D6CEB34B699D3932	2013-01-24 20:21:55	2013-01-24 20:32:19	CRD	8.5	0.5	0.5	2.35	0.0	11.85	1	624	1.8	-74.005196	40.725777	-73.987617	40.743816
BE530E79CB7E459DEF5BBDF2F319EDC1	0002555BBE359440D6CEB34B699D3932	2013-01-24 22:35:56	2013-01-24 22:51:28	CRD	21.5	0.5	0.5	5.45	4.8	32.75	1	932	7.0	-73.885269	40.773129	-73.948395	40.784187
BE530E79CB7E459DEF5BBDF2F319EDC1	0002555BBE359440D6CEB34B699D3932	2013-01-24 23:11:29	2013-01-24 23:23:47	CRD	9.5	0.5	0.5	2.1	0.0	12.6	3	738	1.7	-73.977425	40.761982	-73.979721	40.749702
BE530E79CB7E459DEF5BBDF2F319EDC1	0002555BBE359440D6CEB34B699D3932	2013-01-25 02:25:51	2013-01-25 02:32:56	CSH	14.5	0.5	0.5	0.0	0.0	15.5	1	424	4.7	-74.00428	40.707836	-73.973862	40.751926
BE530E79CB7E459DEF5BBDF2F319EDC1	0002555BBE359440D6CEB34B699D3932	2013-01-25 03:30:57	2013-01-25 03:33:17	CRD	3.5	0.5	0.5	0.0	0.0	4.5	1	139	0.4	-73.961411	40.716412	-73.963989	40.718033
BE530E79CB7E459DEF5BBDF2F319EDC1	0002555BBE359440D6CEB34B699D3932	2013-01-25 18:49:35	2013-01-25 19:06:18	CRD	11.0	1.0	0.5	1.5	0.0	14.0	2	1003	1.0	-73.978806	40.740318	-73.991341	40.748772
BE530E79CB7E459DEF5BBDF2F319EDC1	0002555BBE359440D6CEB34B699D3932	2013-01-25 19:50:03	2013-01-25 20:01:28	CSH	8.5	1.0	0.5	0.0	0.0	10.0	2	684	1.3	-73.961075	40.765915	-73.982643	40.773567
BE530E79CB7E459DEF5BBDF2F319EDC1	0002555BBE359440D6CEB34B699D3932	2013-01-25 20:22:13	2013-01-25 20:27:15	CSH	5.0	0.5	0.5	0.0	0.0	6.0	1	302	0.7	-73.975945	40.791466	-73.974197	40.783539
BE530E79CB7E459DEF5BBDF2F319EDC1	0002555BBE359440D6CEB34B699D3932	2013-01-25 23:22:13	2013-01-25 23:33:26	CRD	9.0	0.5	0.5	3.0	0.0	13.0	1	672	1.4	-73.987785	40.732288	-73.998795	40.714565
BE530E79CB7E459DEF5BBDF2F319EDC1	0002555BBE359440D6CEB34B699D3932	2013-01-26 00:41:11	2013-01-26 00:53:47	CRD	14.0	0.5	0.5	3.75	0.0	18.75	1	756	3.8	-73.870926	40.77372	-73.913208	40.746094
BE530E79CB7E459DEF5BBDF2F319EDC1	0002555BBE359440D6CEB34B699D3932	2013-01-26 18:56:32	2013-01-26 19:30:00	CRD	34.5	0.0	0.5	7.95	4.8	47.75	1	2008	11.2	-73.87487	40.774059	-73.983513	40.744099
BE530E79CB7E459DEF5BBDF2F319EDC1	0002555BBE359440D6CEB34B699D3932	2013-01-26 19:32:30	2013-01-26 19:53:00	CSH	13.5	0.0	0.5	0.0	0.0	14.0	2	1230	2.3	-73.983749	40.74416	-73.997726	40.718151
BE530E79CB7E459DEF5BBDF2F319EDC1	0002555BBE359440D6CEB34B699D3932	2013-01-26 21:34:05	2013-01-26 21:46:23	CSH	8.5	0.5	0.5	0.0	0.0	9.5	2	738	1.0	-74.00647	40.737541	-73.999405	40.728336
BE530E79CB7E459DEF5BBDF2F319EDC1	0002555BBE359440D6CEB34B699D3932	2013-01-26 22:11:25	2013-01-26 22:30:53	CRD	13.0	0.5	0.5	4.2	0.0	18.2	1	1167	1.7	-73.978539	40.736763	-73.988014	40.719936
BE530E79CB7E459DEF5BBDF2F319EDC1	0002555BBE359440D6CEB34B699D3932	2013-01-26 22:37:45	2013-01-26 22:54:21	CRD	15.0	0.5	0.5	3.2	0.0	19.2	2	995	3.6	-73.98671	40.721363	-73.937691	40.699078
BE530E79CB7E459DEF5BBDF2F319EDC1	0002555BBE359440D6CEB34B699D3932	2013-01-26 23:43:42	2013-01-26 23:57:46	CRD	14.5	0.5	0.5	1.5	0.0	17.0	2	844	3.5	-73.874504	40.774117	-73.927124	40.758511
BE530E79CB7E459DEF5BBDF2F319EDC1	0002555BBE359440D6CEB34B699D3932	2013-01-27 00:37:02	2013-01-27 00:42:27	CSH	6.0	0.5	0.5	0.0	0.0	7.0	1	325	1.0	-73.990463	40.718708	-73.981789	40.732197
BE530E79CB7E459DEF5BBDF2F319EDC1	0002555BBE359440D6CEB34B699D3932	2013-01-27 01:22:32	2013-01-27 01:31:44	CRD	7.5	0.5	0.5	1.7	0.0	10.2	1	551	0.9	-73.987076	40.729462	-74.003189	40.733608
BE530E79CB7E459DEF5BBDF2F319EDC1	0002555BBE359440D6CEB34B699D3932	2013-01-27 01:32:36	2013-01-27 01:49:44	CSH	17.0	0.5	0.5	0.0	0.0	18.0	1	1027	4.8	-74.00325	40.733608	-73.958847	40.780762
BE530E79CB7E459DEF5BBDF2F319EDC1	0002555BBE359440D6CEB34B699D3932	2013-01-27 03:11:32	2013-01-27 03:29:08	CRD	16.0	0.5	0.5	1.0	0.0	18.0	1	1056	4.0	-73.958275	40.717361	-73.980782	40.741844
BE530E79CB7E459DEF5BBDF2F319EDC1	0002555BBE359440D6CEB34B699D3932	2013-01-27 03:49:04	2013-01-27 03:52:30	CRD	4.5	0.5	0.5	1.35	0.0	6.85	1	206	0.4	-73.986069	40.74691	-73.981369	40.743843
BE530E79CB7E459DEF5BBDF2F319EDC1	0002555BBE359440D6CEB34B699D3932	2013-01-27 04:07:34	2013-01-27 04:26:03	CRD	22.5	0.5	0.5	0.04	0.0	23.54	1	1108	6.6	-73.991982	40.726292	-73.947243	40.788124
BE530E79CB7E459DEF5BBDF2F319EDC1	0002555BBE359440D6CEB34B699D3932	2013-01-29 11:20:48	2013-01-29 11:52:36	CSH	31.5	0.0	0.5	0.0	4.8	36.8	2	1907	10.0	-73.885452	40.773117	-73.980797	40.759628
BE530E79CB7E459DEF5BBDF2F319EDC1	0002555BBE359440D6CEB34B699D3932	2013-01-29 14:28:40	2013-01-29 14:42:47	CSH	10.0	0.0	0.5	0.0	0.0	10.5	1	847	1.6	-73.978333	40.766403	-73.987022	40.75061
BE530E79CB7E459DEF5BBDF2F319EDC1	0002555BBE359440D6CEB34B699D3932	2013-01-29 19:51:27	2013-01-29 20:20:07	CRD	30.5	1.0	0.5	8.0	0.0	40.0	1	1719	9.4	-73.885277	40.773109	-73.956558	40.674519
BE530E79CB7E459DEF5BBDF2F319EDC1	0002555BBE359440D6CEB34B699D3932	2013-01-30 21:05:29	2013-01-30 21:22:10	CRD	28.0	0.5	0.5	6.75	4.8	40.55	1	1001	10.0	-73.874435	40.773781	-73.974312	40.757008
BE530E79CB7E459DEF5BBDF2F319EDC1	0002555BBE359440D6CEB34B699D3932	2013-01-30 21:24:19	2013-01-30 21:31:00	CSH	6.0	0.5	0.5	0.0	0.0	7.0	2	400	0.7	-73.974236	40.757633	-73.982887	40.754856
BE530E79CB7E459DEF5BBDF2F319EDC1	0002555BBE359440D6CEB34B699D3932	2013-01-31 00:03:44	2013-01-31 00:07:57	CSH	4.5	0.5	0.5	0.0	0.0	5.5	1	252	0.5	-74.002853	40.725048	-73.997269	40.719322
BE530E79CB7E459DEF5BBDF2F319EDC1	0002555BBE359440D6CEB34B699D3932	2013-01-31 00:50:29	2013-01-31 01:17:27	CSH	41.0	0.5	0.5	0.0	0.0	42.0	1	1618	14.6	-73.991226	40.75061	-73.869347	40.869671
BE530E79CB7E459DEF5BBDF2F319EDC1	0002555BBE359440D6CEB34B699D3932	2013-01-31 02:47:01	2013-01-31 02:56:54	CRD	11.5	0.5	0.5	3.75	0.0	16.25	1	593	3.2	-73.99099	40.750725	-73.980545	40.78754
BE530E79CB7E459DEF5BBDF2F319EDC1	0002555BBE359440D6CEB34B699D3932	2013-01-31 20:08:38	2013-01-31 20:19:45	CRD	9.5	0.5	0.5	2.0	0.0	12.5	1	667	2.0	-74.00547	40.745632	-73.988632	40.726974
BE530E79CB7E459DEF5BBDF2F319EDC1	0002555BBE359440D6CEB34B699D3932	2013-01-31 20:21:06	2013-01-31 20:26:27	CRD	5.5	0.5	0.5	1.3	0.0	7.8	1	321	0.9	-73.989288	40.726074	-73.989082	40.735073
BE530E79CB7E459DEF5BBDF2F319EDC1	0002555BBE359440D6CEB34B699D3932	2013-01-31 22:39:08	2013-01-31 22:55:15	CSH	24.5	0.5	0.5	0.0	4.8	30.3	1	966	8.4	-73.874489	40.774086	-73.985847	40.740013
8FA6FBF2D595A1080BCCE03FC2C213F7	0008B3E338CE8C3377E071A4D80D3694	2013-01-03 01:03:00	2013-01-03 01:04:00	CSH	2.5	0.5	0.5	0.0	0.0	3.5	1	60	0.05	-73.982109	40.763988	-73.981812	40.763515
8FA6FBF2D595A1080BCCE03FC2C213F7	0008B3E338CE8C3377E071A4D80D3694	2013-01-03 21:13:00	2013-01-03 21:32:00	CSH	26.5	0.5	0.5	0.0	4.8	32.3	1	1140	8.8	-73.874474	40.774044	-73.985992	40.745121
8FA6FBF2D595A1080BCCE03FC2C213F7	0008B3E338CE8C3377E071A4D80D3694	2013-01-03 22:17:00	2013-01-03 22:27:00	CSH	11.0	0.5	0.5	0.0	0.0	12.0	1	600	2.83	-73.961815	40.763962	-73.988808	40.734081
8FA6FBF2D595A1080BCCE03FC2C213F7	0008B3E338CE8C3377E071A4D80D3694	2013-01-03 23:23:00	2013-01-03 23:32:00	CRD	7.5	0.5	0.5	1.0	0.0	9.5	1	540	1.07	-73.993919	40.721043	-73.982796	40.719791
8FA6FBF2D595A1080BCCE03FC2C213F7	0008B3E338CE8C3377E071A4D80D3694	2013-01-04 21:40:00	2013-01-04 21:50:00	CSH	10.5	0.5	0.5	0.0	0.0	11.5	1	600	2.78	-73.988655	40.763882	-73.995094	40.733646
8FA6FBF2D595A1080BCCE03FC2C213F7	0008B3E338CE8C3377E071A4D80D3694	2013-01-04 22:17:00	2013-01-04 22:27:00	CRD	9.0	0.5	0.5	1.9	0.0	11.9	1	600	1.98	-73.988594	40.729771	-74.008354	40.710827
8FA6FBF2D595A1080BCCE03FC2C213F7	0008B3E338CE8C3377E071A4D80D3694	2013-01-04 22:30:00	2013-01-04 22:49:00	CRD	17.0	0.5	0.5	3.5	0.0	21.5	1	1140	4.39	-74.007072	40.711792	-73.958466	40.719139
8FA6FBF2D595A1080BCCE03FC2C213F7	0008B3E338CE8C3377E071A4D80D3694	2013-01-04 23:37:00	2013-01-04 23:47:00	CRD	11.0	0.5	0.5	2.3	0.0	14.3	1	600	3.0	-73.980179	40.757931	-73.950722	40.78331
8FA6FBF2D595A1080BCCE03FC2C213F7	0008B3E338CE8C3377E071A4D80D3694	2013-01-05 02:19:00	2013-01-05 02:33:00	CRD	12.0	0.5	0.5	2.5	0.0	15.5	1	840	2.47	-73.987083	40.729492	-74.009705	40.706013
8FA6FBF2D595A1080BCCE03FC2C213F7	0008B3E338CE8C3377E071A4D80D3694	2013-01-05 20:25:00	2013-01-05 20:36:00	CSH	11.0	0.5	0.5	0.0	0.0	12.0	1	660	2.61	-73.986954	40.748062	-73.96241	40.776001
8FA6FBF2D595A1080BCCE03FC2C213F7	0008B3E338CE8C3377E071A4D80D3694	2013-01-05 23:32:00	2013-01-05 23:50:00	CRD	14.5	0.5	0.5	3.0	0.0	18.5	1	1080	3.28	-73.982277	40.764996	-74.0	40.728554
8FA6FBF2D595A1080BCCE03FC2C213F7	0008B3E338CE8C3377E071A4D80D3694	2013-01-06 00:04:00	2013-01-06 00:19:00	CRD	11.0	0.5	0.5	1.0	0.0	13.0	1	900	1.23	-74.007889	40.740356	-73.990479	40.732964
8FA6FBF2D595A1080BCCE03FC2C213F7	0008B3E338CE8C3377E071A4D80D3694	2013-01-06 01:17:00	2013-01-06 01:24:00	CSH	6.5	0.5	0.5	0.0	0.0	7.5	1	420	1.11	-73.987694	40.760258	-73.972755	40.755947
8FA6FBF2D595A1080BCCE03FC2C213F7	0008B3E338CE8C3377E071A4D80D3694	2013-01-06 02:32:00	2013-01-06 02:39:00	CRD	7.5	0.5	0.5	1.0	0.0	9.5	1	420	1.78	-73.988129	40.750221	-73.992874	40.763378
8FA6FBF2D595A1080BCCE03FC2C213F7	0008B3E338CE8C3377E071A4D80D3694	2013-01-06 20:11:00	2013-01-06 20:19:00	CSH	8.0	0.5	0.5	0.0	0.0	9.0	1	480	1.65	-73.967735	40.76012	-73.992058	40.763988
8FA6FBF2D595A1080BCCE03FC2C213F7	0008B3E338CE8C3377E071A4D80D3694	2013-01-06 21:18:00	2013-01-06 21:23:00	CSH	7.0	0.5	0.5	0.0	0.0	8.0	1	300	1.91	-73.989723	40.729774	-73.974113	40.75177
8FA6FBF2D595A1080BCCE03FC2C213F7	0008B3E338CE8C3377E071A4D80D3694	2013-01-06 22:21:00	2013-01-06 22:35:00	CRD	14.5	0.5	0.5	1.0	0.0	16.5	1	840	4.05	-73.950348	40.783749	-73.994255	40.75906
8FA6FBF2D595A1080BCCE03FC2C213F7	0008B3E338CE8C3377E071A4D80D3694	2013-01-07 23:20:00	2013-01-07 23:26:00	CSH	7.0	0.5	0.5	0.0	0.0	8.0	1	360	1.41	-73.986237	40.747261	-73.972115	40.757576
8FA6FBF2D595A1080BCCE03FC2C213F7	0008B3E338CE8C3377E071A4D80D3694	2013-01-08 20:25:00	2013-01-08 20:35:00	CRD	9.5	0.5	0.5	1.0	0.0	11.5	1	600	2.06	-73.978645	40.752895	-74.000565	40.737213
8FA6FBF2D595A1080BCCE03FC2C213F7	0008B3E338CE8C3377E071A4D80D3694	2013-01-08 20:43:00	2013-01-08 20:54:00	CSH	8.5	0.5	0.5	0.0	0.0	9.5	1	660	0.93	-73.989342	40.747784	-73.982956	40.758282
8FA6FBF2D595A1080BCCE03FC2C213F7	0008B3E338CE8C3377E071A4D80D3694	2013-01-08 23:07:00	2013-01-08 23:20:00	CRD	13.5	0.5	0.5	2.8	0.0	17.3	1	780	3.7	-73.989563	40.729813	-73.984573	40.769661
8FA6FBF2D595A1080BCCE03FC2C213F7	0008B3E338CE8C3377E071A4D80D3694	2013-01-09 00:56:00	2013-01-09 01:04:00	CSH	11.0	0.5	0.5	0.0	0.0	12.0	1	480	3.25	-73.986938	40.736492	-73.957886	40.773357
8FA6FBF2D595A1080BCCE03FC2C213F7	0008B3E338CE8C3377E071A4D80D3694	2013-01-09 01:12:00	2013-01-09 01:30:00	CSH	20.5	0.5	0.5	0.0	0.0	21.5	1	1080	6.28	-73.974373	40.753986	-73.980873	40.675869
8FA6FBF2D595A1080BCCE03FC2C213F7	0008B3E338CE8C3377E071A4D80D3694	2013-01-09 02:11:00	2013-01-09 02:25:00	CSH	18.0	0.5	0.5	0.0	0.0	19.0	1	840	5.66	-73.989967	40.729473	-73.943459	40.785194
8FA6FBF2D595A1080BCCE03FC2C213F7	0008B3E338CE8C3377E071A4D80D3694	2013-01-09 19:52:00	2013-01-09 19:55:00	CSH	5.0	1.0	0.5	0.0	0.0	6.5	1	180	0.82	-73.987068	40.761238	-73.980179	40.7705
8FA6FBF2D595A1080BCCE03FC2C213F7	0008B3E338CE8C3377E071A4D80D3694	2013-01-09 21:29:00	2013-01-09 21:40:00	CRD	10.5	0.5	0.5	2.2	0.0	13.7	1	660	2.7	-73.997581	40.75629	-73.962051	40.759476
8FA6FBF2D595A1080BCCE03FC2C213F7	0008B3E338CE8C3377E071A4D80D3694	2013-01-09 22:30:00	2013-01-09 22:38:00	CRD	9.0	0.5	0.5	1.9	0.0	11.9	1	480	2.4	-73.979118	40.760208	-73.956474	40.783192
8FA6FBF2D595A1080BCCE03FC2C213F7	0008B3E338CE8C3377E071A4D80D3694	2013-01-10 23:15:00	2013-01-10 23:32:00	CRD	25.0	0.5	0.5	5.1	0.0	31.1	1	1020	8.27	-73.966713	40.758984	-73.941093	40.844036
8FA6FBF2D595A1080BCCE03FC2C213F7	0008B3E338CE8C3377E071A4D80D3694	2013-01-11 01:34:00	2013-01-11 01:41:00	CRD	7.0	0.5	0.5	1.0	0.0	9.0	1	420	1.21	-73.992325	40.72538	-74.002151	40.71516
8FA6FBF2D595A1080BCCE03FC2C213F7	0008B3E338CE8C3377E071A4D80D3694	2013-01-11 03:30:00	2013-01-11 03:31:00	CSH	2.5	0.5	0.5	0.0	0.0	3.5	1	60	0.08	-73.988983	40.748074	-73.989082	40.748035
8FA6FBF2D595A1080BCCE03FC2C213F7	0008B3E338CE8C3377E071A4D80D3694	2013-01-11 21:05:00	2013-01-11 21:16:00	CRD	19.0	0.5	0.5	1.55	0.0	21.55	1	660	6.54	-73.874458	40.774052	-73.954041	40.741261
8FA6FBF2D595A1080BCCE03FC2C213F7	0008B3E338CE8C3377E071A4D80D3694	2013-01-11 21:32:00	2013-01-11 21:51:00	CSH	29.0	0.5	0.5	0.0	4.8	34.8	1	1140	10.41	-73.874489	40.773975	-73.97007	40.752621
8FA6FBF2D595A1080BCCE03FC2C213F7	0008B3E338CE8C3377E071A4D80D3694	2013-01-11 22:11:00	2013-01-11 22:23:00	CSH	12.5	0.5	0.5	0.0	0.0	13.5	1	720	3.19	-73.987984	40.738064	-73.960518	40.775494
8FA6FBF2D595A1080BCCE03FC2C213F7	0008B3E338CE8C3377E071A4D80D3694	2013-01-11 22:25:00	2013-01-11 22:36:00	CSH	10.5	0.5	0.5	0.0	0.0	11.5	1	660	2.56	-73.956421	40.775558	-73.986214	40.777317
8FA6FBF2D595A1080BCCE03FC2C213F7	0008B3E338CE8C3377E071A4D80D3694	2013-01-11 23:15:00	2013-01-11 23:44:00	CRD	19.0	0.5	0.5	3.9	0.0	23.9	1	1740	3.13	-73.978676	40.755196	-73.988213	40.720371
8FA6FBF2D595A1080BCCE03FC2C213F7	0008B3E338CE8C3377E071A4D80D3694	2013-01-12 00:46:00	2013-01-12 00:56:00	CSH	9.5	0.5	0.5	0.0	0.0	10.5	1	600	1.99	-73.971924	40.756241	-73.978813	40.750595
8FA6FBF2D595A1080BCCE03FC2C213F7	0008B3E338CE8C3377E071A4D80D3694	2013-01-12 01:52:00	2013-01-12 02:11:00	CSH	18.5	0.5	0.5	0.0	0.0	19.5	1	1140	4.54	-74.015076	40.718086	-73.97998	40.749062
8FA6FBF2D595A1080BCCE03FC2C213F7	0008B3E338CE8C3377E071A4D80D3694	2013-01-12 02:42:00	2013-01-12 02:45:00	CRD	5.0	0.5	0.5	0.75	0.0	6.75	1	180	1.02	-73.989784	40.729633	-73.981445	40.741508
8FA6FBF2D595A1080BCCE03FC2C213F7	0008B3E338CE8C3377E071A4D80D3694	2013-01-12 02:51:00	2013-01-12 02:59:00	CRD	8.5	0.5	0.5	0.0	0.0	9.5	1	480	1.97	-73.984337	40.743313	-73.981873	40.763176
8FA6FBF2D595A1080BCCE03FC2C213F7	0008B3E338CE8C3377E071A4D80D3694	2013-01-12 03:50:00	2013-01-12 03:58:00	CSH	8.0	0.5	0.5	0.0	0.0	9.0	1	480	1.81	-73.968758	40.757511	-73.988373	40.755833
8FA6FBF2D595A1080BCCE03FC2C213F7	0008B3E338CE8C3377E071A4D80D3694	2013-01-12 04:11:00	2013-01-12 04:14:00	CSH	4.5	0.5	0.5	0.0	0.0	5.5	1	180	0.84	-73.98732	40.747856	-73.979111	40.752651
8FA6FBF2D595A1080BCCE03FC2C213F7	0008B3E338CE8C3377E071A4D80D3694	2013-01-13 20:38:00	2013-01-13 20:58:00	CRD	27.0	0.5	0.5	5.5	4.8	38.3	1	1200	9.06	-73.874542	40.77409	-73.972809	40.793388
8FA6FBF2D595A1080BCCE03FC2C213F7	0008B3E338CE8C3377E071A4D80D3694	2013-01-13 22:34:00	2013-01-13 23:01:00	CRD	28.5	0.5	0.5	5.8	0.0	35.3	1	1620	8.59	-73.979004	40.772236	-73.994179	40.694794
8FA6FBF2D595A1080BCCE03FC2C213F7	0008B3E338CE8C3377E071A4D80D3694	2013-01-14 00:23:00	2013-01-14 00:29:00	CSH	8.0	0.5	0.5	0.0	0.0	9.0	1	360	1.94	-73.988823	40.74847	-73.970459	40.765072
8FA6FBF2D595A1080BCCE03FC2C213F7	0008B3E338CE8C3377E071A4D80D3694	2013-01-14 23:01:00	2013-01-14 23:07:00	CSH	6.5	0.5	0.5	0.0	0.0	7.5	1	360	1.18	-73.993782	40.74155	-73.980247	40.746552
8FA6FBF2D595A1080BCCE03FC2C213F7	0008B3E338CE8C3377E071A4D80D3694	2013-01-14 23:29:00	2013-01-14 23:34:00	CSH	6.0	0.5	0.5	0.0	0.0	7.0	1	300	1.07	-73.990875	40.734432	-73.991219	40.723625
8FA6FBF2D595A1080BCCE03FC2C213F7	0008B3E338CE8C3377E071A4D80D3694	2013-01-14 23:42:00	2013-01-14 23:49:00	CSH	8.0	0.5	0.5	0.0	0.0	9.0	1	420	1.76	-73.989815	40.729645	-73.989044	40.748009
8FA6FBF2D595A1080BCCE03FC2C213F7	0008B3E338CE8C3377E071A4D80D3694	2013-01-15 00:00:00	2013-01-15 00:10:00	CRD	9.0	0.5	0.5	2.85	0.0	12.85	1	600	1.74	-73.987183	40.73727	-73.989235	40.721859
8FA6FBF2D595A1080BCCE03FC2C213F7	0008B3E338CE8C3377E071A4D80D3694	2013-01-15 01:22:00	2013-01-15 01:37:00	CSH	14.5	0.5	0.5	0.0	0.0	15.5	1	900	3.91	-74.007088	40.739964	-73.965012	40.771519
8FA6FBF2D595A1080BCCE03FC2C213F7	0008B3E338CE8C3377E071A4D80D3694	2013-01-15 20:56:00	2013-01-15 21:01:00	CRD	6.0	0.5	0.5	1.62	0.0	8.62	1	300	1.33	-73.967209	40.761761	-73.956718	40.774918
8FA6FBF2D595A1080BCCE03FC2C213F7	0008B3E338CE8C3377E071A4D80D3694	2013-01-15 21:37:00	2013-01-15 22:00:00	CRD	21.0	0.5	0.5	5.38	0.0	27.38	1	1380	5.73	-73.987831	40.74332	-73.926208	40.769165
8FA6FBF2D595A1080BCCE03FC2C213F7	0008B3E338CE8C3377E071A4D80D3694	2013-01-15 22:54:00	2013-01-15 23:22:00	CRD	33.5	0.5	0.5	6.8	4.8	46.1	1	1680	11.19	-73.876137	40.773342	-73.98629	40.777287
8FA6FBF2D595A1080BCCE03FC2C213F7	0008B3E338CE8C3377E071A4D80D3694	2013-01-16 00:00:00	2013-01-16 00:26:00	CSH	27.5	0.5	0.5	0.0	0.0	28.5	1	1560	8.26	-73.986069	40.730888	-73.880722	40.748005
8FA6FBF2D595A1080BCCE03FC2C213F7	0008B3E338CE8C3377E071A4D80D3694	2013-01-16 20:38:00	2013-01-16 21:01:00	CRD	29.0	0.5	0.5	7.38	4.8	42.18	1	1380	9.5	-73.99398	40.72831	-73.848946	40.727333
8FA6FBF2D595A1080BCCE03FC2C213F7	0008B3E338CE8C3377E071A4D80D3694	2013-01-17 19:35:00	2013-01-17 19:51:00	CSH	13.5	1.0	0.5	0.0	0.0	15.0	1	960	2.94	-73.984512	40.76049	-73.951523	40.782219
8FA6FBF2D595A1080BCCE03FC2C213F7	0008B3E338CE8C3377E071A4D80D3694	2013-01-17 22:54:00	2013-01-17 23:00:00	CRD	6.0	0.5	0.5	2.0	0.0	9.0	1	360	0.92	-73.980728	40.759872	-73.968399	40.759708
8FA6FBF2D595A1080BCCE03FC2C213F7	0008B3E338CE8C3377E071A4D80D3694	2013-01-17 23:06:00	2013-01-17 23:23:00	CSH	15.5	0.5	0.5	0.0	0.0	16.5	1	1020	3.97	-73.969719	40.757298	-73.921585	40.767002
8FA6FBF2D595A1080BCCE03FC2C213F7	0008B3E338CE8C3377E071A4D80D3694	2013-01-18 22:45:00	2013-01-18 23:03:00	CRD	16.0	0.5	0.5	4.12	0.0	21.12	1	1080	4.13	-73.98822	40.737667	-73.947678	40.779564
8FA6FBF2D595A1080BCCE03FC2C213F7	0008B3E338CE8C3377E071A4D80D3694	2013-01-19 01:09:00	2013-01-19 01:25:00	CRD	14.0	0.5	0.5	3.62	0.0	18.62	1	960	3.35	-73.98275	40.772942	-74.001884	40.729523
8FA6FBF2D595A1080BCCE03FC2C213F7	0008B3E338CE8C3377E071A4D80D3694	2013-01-19 02:08:00	2013-01-19 02:15:00	CRD	7.0	0.5	0.5	1.5	0.0	9.5	1	420	1.45	-73.978477	40.745361	-73.995712	40.745789
8FA6FBF2D595A1080BCCE03FC2C213F7	0008B3E338CE8C3377E071A4D80D3694	2013-01-19 02:44:00	2013-01-19 02:52:00	CSH	8.0	0.5	0.5	0.0	0.0	9.0	1	480	1.73	-73.985275	40.738785	-73.974014	40.755657
8FA6FBF2D595A1080BCCE03FC2C213F7	0008B3E338CE8C3377E071A4D80D3694	2013-01-19 20:21:00	2013-01-19 20:37:00	CSH	11.5	0.5	0.5	0.0	0.0	12.5	1	960	2.47	-73.984711	40.761097	-73.995132	40.73917
8FA6FBF2D595A1080BCCE03FC2C213F7	0008B3E338CE8C3377E071A4D80D3694	2013-01-19 21:14:00	2013-01-19 21:27:00	CSH	10.0	0.5	0.5	0.0	0.0	11.0	1	780	1.49	-73.988197	40.748116	-73.99305	40.758121
8FA6FBF2D595A1080BCCE03FC2C213F7	0008B3E338CE8C3377E071A4D80D3694	2013-01-20 00:13:00	2013-01-20 00:21:00	CRD	6.5	0.5	0.5	1.4	0.0	8.9	1	480	0.92	-73.999863	40.734581	-74.003029	40.744041
8FA6FBF2D595A1080BCCE03FC2C213F7	0008B3E338CE8C3377E071A4D80D3694	2013-01-20 00:31:00	2013-01-20 00:37:00	CSH	6.0	0.5	0.5	0.0	0.0	7.0	1	360	0.62	-74.00592	40.740314	-74.003181	40.734276
8FA6FBF2D595A1080BCCE03FC2C213F7	0008B3E338CE8C3377E071A4D80D3694	2013-01-20 02:34:00	2013-01-20 02:41:00	CSH	6.5	0.5	0.5	0.0	0.0	7.5	1	420	1.2	-73.982994	40.760895	-73.994987	40.765419
8FA6FBF2D595A1080BCCE03FC2C213F7	0008B3E338CE8C3377E071A4D80D3694	2013-01-20 20:07:00	2013-01-20 20:16:00	CSH	9.0	0.5	0.5	0.0	0.0	10.0	1	540	1.83	-73.989723	40.729824	-73.978928	40.750435
8FA6FBF2D595A1080BCCE03FC2C213F7	0008B3E338CE8C3377E071A4D80D3694	2013-01-20 21:09:00	2013-01-20 21:19:00	CSH	12.0	0.5	0.5	0.0	0.0	13.0	1	600	3.28	-73.990471	40.72974	-73.958733	40.763916
8FA6FBF2D595A1080BCCE03FC2C213F7	0008B3E338CE8C3377E071A4D80D3694	2013-01-20 23:11:00	2013-01-20 23:22:00	CSH	12.0	0.5	0.5	0.0	0.0	13.0	1	660	3.16	-73.963814	40.76136	-73.998978	40.739101
8FA6FBF2D595A1080BCCE03FC2C213F7	0008B3E338CE8C3377E071A4D80D3694	2013-01-21 01:21:00	2013-01-21 01:29:00	CRD	9.5	0.5	0.5	1.5	0.0	12.0	1	480	2.53	-73.98085	40.766228	-73.982613	40.742218
8FA6FBF2D595A1080BCCE03FC2C213F7	0008B3E338CE8C3377E071A4D80D3694	2013-01-21 21:13:00	2013-01-21 21:20:00	CRD	9.0	0.5	0.5	1.9	0.0	11.9	1	420	2.26	-73.982689	40.746376	-73.961426	40.768215
8FA6FBF2D595A1080BCCE03FC2C213F7	0008B3E338CE8C3377E071A4D80D3694	2013-01-21 22:03:00	2013-01-21 22:12:00	CSH	8.5	0.5	0.5	0.0	0.0	9.5	1	540	1.81	-73.988068	40.749699	-73.98661	40.730003
8FA6FBF2D595A1080BCCE03FC2C213F7	0008B3E338CE8C3377E071A4D80D3694	2013-01-21 23:48:00	2013-01-21 23:52:00	CRD	6.5	0.5	0.5	1.4	0.0	8.9	1	240	1.63	-73.969162	40.760593	-73.980698	40.744923
8FA6FBF2D595A1080BCCE03FC2C213F7	0008B3E338CE8C3377E071A4D80D3694	2013-01-22 21:56:00	2013-01-22 22:08:00	CRD	11.5	0.5	0.5	2.4	0.0	14.9	1	720	2.98	-73.955025	40.77	-73.998283	40.732071
8FA6FBF2D595A1080BCCE03FC2C213F7	0008B3E338CE8C3377E071A4D80D3694	2013-01-23 22:53:00	2013-01-23 22:56:00	CRD	4.0	0.5	0.5	1.0	0.0	6.0	1	180	0.48	-73.988945	40.736591	-73.984253	40.740364
8FA6FBF2D595A1080BCCE03FC2C213F7	0008B3E338CE8C3377E071A4D80D3694	2013-01-24 00:10:00	2013-01-24 00:20:00	CRD	11.0	0.5	0.5	2.3	0.0	14.3	1	600	2.96	-73.982124	40.745758	-73.954659	40.773167
8FA6FBF2D595A1080BCCE03FC2C213F7	0008B3E338CE8C3377E071A4D80D3694	2013-01-24 23:39:00	2013-01-24 23:45:00	CSH	6.0	0.5	0.5	0.0	0.0	7.0	1	360	0.99	-73.984314	40.748653	-73.998367	40.750206
8FA6FBF2D595A1080BCCE03FC2C213F7	0008B3E338CE8C3377E071A4D80D3694	2013-01-25 18:55:00	2013-01-25 19:27:00	CRD	32.0	1.0	0.5	6.6	4.8	44.9	1	1920	10.18	-73.874451	40.774036	-73.970825	40.750847
8FA6FBF2D595A1080BCCE03FC2C213F7	0008B3E338CE8C3377E071A4D80D3694	2013-01-25 19:39:00	2013-01-25 19:55:00	CRD	12.5	1.0	0.5	3.38	0.0	17.38	1	960	2.83	-73.966782	40.753174	-73.950706	40.775639
8FA6FBF2D595A1080BCCE03FC2C213F7	0008B3E338CE8C3377E071A4D80D3694	2013-01-25 22:17:00	2013-01-25 22:24:00	CSH	6.5	0.5	0.5	0.0	0.0	7.5	1	420	0.87	-73.986214	40.747581	-73.988289	40.754128
8FA6FBF2D595A1080BCCE03FC2C213F7	0008B3E338CE8C3377E071A4D80D3694	2013-01-25 22:26:00	2013-01-25 23:01:00	CRD	48.0	0.5	0.5	0.0	4.8	53.8	1	2100	17.04	-73.989067	40.753201	-73.7211	40.744217
8FA6FBF2D595A1080BCCE03FC2C213F7	0008B3E338CE8C3377E071A4D80D3694	2013-01-26 01:32:00	2013-01-26 01:46:00	CSH	16.5	0.5	0.5	0.0	0.0	17.5	1	840	5.29	-73.993919	40.761719	-73.941154	40.807652
8FA6FBF2D595A1080BCCE03FC2C213F7	0008B3E338CE8C3377E071A4D80D3694	2013-01-26 03:06:00	2013-01-26 03:13:00	CRD	6.5	0.5	0.5	1.4	0.0	8.9	1	420	1.04	-73.994873	40.719688	-73.986168	40.726315
8FA6FBF2D595A1080BCCE03FC2C213F7	0008B3E338CE8C3377E071A4D80D3694	2013-01-26 19:48:00	2013-01-26 19:52:00	CRD	4.0	0.0	0.5	0.0	0.0	4.5	1	240	0.32	-73.983978	40.725243	-73.984695	40.72823
8FA6FBF2D595A1080BCCE03FC2C213F7	0008B3E338CE8C3377E071A4D80D3694	2013-01-26 21:06:00	2013-01-26 21:23:00	CRD	14.0	0.5	0.5	3.62	0.0	18.62	1	1020	3.25	-73.988823	40.763565	-73.989502	40.730247
8FA6FBF2D595A1080BCCE03FC2C213F7	0008B3E338CE8C3377E071A4D80D3694	2013-01-26 23:25:00	2013-01-26 23:53:00	CRD	21.0	0.5	0.5	4.3	0.0	26.3	1	1680	4.52	-73.983017	40.762753	-73.920898	40.767452
8FA6FBF2D595A1080BCCE03FC2C213F7	0008B3E338CE8C3377E071A4D80D3694	2013-01-27 03:42:00	2013-01-27 03:47:00	CRD	6.0	0.5	0.5	1.0	0.0	8.0	1	300	1.2	-73.961411	40.802086	-73.971848	40.797081
8FA6FBF2D595A1080BCCE03FC2C213F7	0008B3E338CE8C3377E071A4D80D3694	2013-01-27 19:27:00	2013-01-27 19:41:00	CRD	12.5	0.0	0.5	1.0	0.0	14.0	1	840	3.09	-73.979736	40.759617	-73.998741	40.724483
8FA6FBF2D595A1080BCCE03FC2C213F7	0008B3E338CE8C3377E071A4D80D3694	2013-01-27 21:06:00	2013-01-27 21:38:00	CRD	30.0	0.5	0.5	4.0	0.0	35.0	1	1920	8.89	-73.909958	40.769596	-74.008881	40.714096
8FA6FBF2D595A1080BCCE03FC2C213F7	0008B3E338CE8C3377E071A4D80D3694	2013-01-27 22:19:00	2013-01-27 22:29:00	CRD	9.0	0.5	0.5	1.9	0.0	11.9	1	600	1.59	-73.997444	40.721355	-73.978264	40.724941
8FA6FBF2D595A1080BCCE03FC2C213F7	0008B3E338CE8C3377E071A4D80D3694	2013-01-29 01:46:00	2013-01-29 01:54:00	CRD	10.5	0.5	0.5	2.2	0.0	13.7	1	480	3.06	-73.967461	40.75639	-73.99469	40.723572
8FA6FBF2D595A1080BCCE03FC2C213F7	0008B3E338CE8C3377E071A4D80D3694	2013-01-29 01:55:00	2013-01-29 02:03:00	CRD	10.0	0.5	0.5	2.1	0.0	13.1	1	480	2.57	-73.995529	40.721577	-73.952583	40.710793
8FA6FBF2D595A1080BCCE03FC2C213F7	0008B3E338CE8C3377E071A4D80D3694	2013-01-29 03:38:00	2013-01-29 03:39:00	CSH	3.5	0.5	0.5	0.0	0.0	4.5	1	60	0.38	-73.997643	40.720856	-74.00209	40.722908
8FA6FBF2D595A1080BCCE03FC2C213F7	0008B3E338CE8C3377E071A4D80D3694	2013-01-29 19:18:00	2013-01-29 19:47:00	CSH	36.5	1.0	0.5	0.0	0.0	38.0	1	1740	13.07	-73.866447	40.771011	-73.995941	40.678631
8FA6FBF2D595A1080BCCE03FC2C213F7	0008B3E338CE8C3377E071A4D80D3694	2013-01-29 20:36:00	2013-01-29 20:38:00	CSH	3.5	0.5	0.5	0.0	0.0	4.5	1	120	0.46	-73.996735	40.723053	-73.993248	40.727535
8FA6FBF2D595A1080BCCE03FC2C213F7	0008B3E338CE8C3377E071A4D80D3694	2013-01-29 20:40:00	2013-01-29 21:00:00	CRD	16.5	0.5	0.5	3.4	0.0	20.9	1	1200	3.63	-73.992989	40.727959	-73.960381	40.717312
8FA6FBF2D595A1080BCCE03FC2C213F7	0008B3E338CE8C3377E071A4D80D3694	2013-01-29 23:20:00	2013-01-29 23:32:00	CRD	11.0	0.5	0.5	2.3	0.0	14.3	1	720	2.28	-73.98774	40.748878	-73.962006	40.759468
8FA6FBF2D595A1080BCCE03FC2C213F7	0008B3E338CE8C3377E071A4D80D3694	2013-01-29 23:48:00	2013-01-30 00:02:00	CSH	14.5	0.5	0.5	0.0	0.0	15.5	1	840	4.13	-73.971985	40.756958	-74.010269	40.709351
8FA6FBF2D595A1080BCCE03FC2C213F7	0008B3E338CE8C3377E071A4D80D3694	2013-01-30 20:08:00	2013-01-30 20:13:00	CRD	5.5	0.5	0.5	1.2	0.0	7.7	1	300	0.79	-73.991066	40.733814	-73.980858	40.747334
8FA6FBF2D595A1080BCCE03FC2C213F7	0008B3E338CE8C3377E071A4D80D3694	2013-01-30 21:50:00	2013-01-30 21:59:00	CSH	9.5	0.5	0.5	0.0	0.0	10.5	1	540	2.3	-73.999001	40.744629	-73.991585	40.770481
8FA6FBF2D595A1080BCCE03FC2C213F7	0008B3E338CE8C3377E071A4D80D3694	2013-01-30 22:31:00	2013-01-30 22:43:00	CRD	16.0	0.5	0.5	3.3	0.0	20.3	1	720	4.76	-74.005211	40.74102	-73.973618	40.794651
8FA6FBF2D595A1080BCCE03FC2C213F7	0008B3E338CE8C3377E071A4D80D3694	2013-01-30 23:56:00	2013-01-31 00:01:00	CRD	5.5	0.5	0.5	1.5	0.0	8.0	1	300	0.84	-73.987122	40.71891	-73.979904	40.726841
8FA6FBF2D595A1080BCCE03FC2C213F7	0008B3E338CE8C3377E071A4D80D3694	2013-01-31 00:37:00	2013-01-31 00:48:00	CRD	14.0	0.5	0.5	2.9	0.0	17.9	1	660	4.36	-73.989792	40.729973	-73.951843	40.781651
8FA6FBF2D595A1080BCCE03FC2C213F7	0008B3E338CE8C3377E071A4D80D3694	2013-01-31 01:04:00	2013-01-31 01:08:00	CSH	6.5	0.5	0.5	0.0	0.0	7.5	1	240	1.74	-73.949577	40.780872	-73.961143	40.765198
8FA6FBF2D595A1080BCCE03FC2C213F7	0008B3E338CE8C3377E071A4D80D3694	2013-01-31 01:09:00	2013-01-31 01:35:00	CRD	35.5	0.5	0.5	9.0	0.0	45.5	1	1560	12.25	-73.96727	40.762608	-73.792618	40.786324
8FA6FBF2D595A1080BCCE03FC2C213F7	0008B3E338CE8C3377E071A4D80D3694	2013-01-31 19:44:00	2013-01-31 19:57:00	CSH	12.0	1.0	0.5	0.0	0.0	13.5	1	780	2.88	-73.980988	40.753258	-73.974686	40.724667
8FA6FBF2D595A1080BCCE03FC2C213F7	0008B3E338CE8C3377E071A4D80D3694	2013-01-31 20:12:00	2013-01-31 20:23:00	CRD	8.0	0.5	0.5	1.7	0.0	10.7	1	660	1.11	-73.980644	40.74271	-73.992088	40.741268
515D614B20D2BF3BEF939169D925B95C	000A4EBF1CEB9C6BD9978D4362493C6E	2013-01-02 00:42:01	2013-01-02 01:03:09	CSH	24.0	0.5	0.5	0.0	0.0	25.0	1	1267	7.5	-73.968224	40.755459	-73.954651	40.667336
515D614B20D2BF3BEF939169D925B95C	000A4EBF1CEB9C6BD9978D4362493C6E	2013-01-02 21:33:10	2013-01-02 21:56:25	CSH	51.0	0.5	0.5	0.0	0.0	52.0	2	1394	19.5	-73.995384	40.688091	-73.776291	40.645737
515D614B20D2BF3BEF939169D925B95C	000A4EBF1CEB9C6BD9978D4362493C6E	2013-01-03 17:34:37	2013-01-03 17:51:49	CSH	13.5	1.0	0.5	0.0	0.0	15.0	3	1031	3.0	-73.996513	40.725529	-73.97963	40.761421
515D614B20D2BF3BEF939169D925B95C	000A4EBF1CEB9C6BD9978D4362493C6E	2013-01-03 18:06:28	2013-01-03 18:12:24	CRD	5.5	1.0	0.5	1.4	0.0	8.4	1	356	0.6	-73.970383	40.758408	-73.965874	40.752602
515D614B20D2BF3BEF939169D925B95C	000A4EBF1CEB9C6BD9978D4362493C6E	2013-01-03 18:25:13	2013-01-03 18:30:53	CSH	5.5	1.0	0.5	0.0	0.0	7.0	1	339	0.5	-73.954178	40.764053	-73.960503	40.75909
515D614B20D2BF3BEF939169D925B95C	000A4EBF1CEB9C6BD9978D4362493C6E	2013-01-03 18:42:32	2013-01-03 18:52:37	CRD	10.0	1.0	0.5	2.3	0.0	13.8	1	605	2.1	-73.954323	40.764198	-73.976784	40.745213
515D614B20D2BF3BEF939169D925B95C	000A4EBF1CEB9C6BD9978D4362493C6E	2013-01-03 22:46:01	2013-01-03 22:52:31	CRD	9.5	0.5	0.5	1.5	0.0	12.0	1	389	2.5	-73.978271	40.78817	-74.002853	40.760551
515D614B20D2BF3BEF939169D925B95C	000A4EBF1CEB9C6BD9978D4362493C6E	2013-01-03 22:53:21	2013-01-03 23:08:30	CRD	16.5	0.5	0.5	3.5	0.0	21.0	1	909	4.5	-74.002876	40.760529	-73.946892	40.77673
515D614B20D2BF3BEF939169D925B95C	000A4EBF1CEB9C6BD9978D4362493C6E	2013-01-04 17:38:47	2013-01-04 17:42:54	CRD	5.5	1.0	0.5	1.0	0.0	8.0	1	246	0.9	-73.989738	40.757072	-73.992302	40.767673
515D614B20D2BF3BEF939169D925B95C	000A4EBF1CEB9C6BD9978D4362493C6E	2013-01-04 20:35:02	2013-01-04 20:41:29	CRD	6.0	0.5	0.5	1.4	0.0	8.4	2	387	0.9	-73.991386	40.751274	-73.984276	40.743038
515D614B20D2BF3BEF939169D925B95C	000A4EBF1CEB9C6BD9978D4362493C6E	2013-01-04 20:46:32	2013-01-04 20:54:06	CRD	7.0	0.5	0.5	1.6	0.0	9.6	1	454	1.1	-73.991226	40.737591	-74.004318	40.730839
515D614B20D2BF3BEF939169D925B95C	000A4EBF1CEB9C6BD9978D4362493C6E	2013-01-04 22:09:34	2013-01-04 22:18:28	CSH	9.0	0.5	0.5	0.0	0.0	10.0	1	533	1.9	-73.9543	40.763981	-73.97538	40.745556
515D614B20D2BF3BEF939169D925B95C	000A4EBF1CEB9C6BD9978D4362493C6E	2013-01-04 23:56:25	2013-01-05 00:14:39	CSH	14.5	0.5	0.5	0.0	0.0	15.5	1	1093	3.3	-73.967575	40.756329	-74.007126	40.739918
515D614B20D2BF3BEF939169D925B95C	000A4EBF1CEB9C6BD9978D4362493C6E	2013-01-05 00:17:13	2013-01-05 00:21:54	CRD	5.5	0.5	0.5	1.0	0.0	7.5	1	280	0.8	-74.005791	40.740356	-73.995895	40.741047
515D614B20D2BF3BEF939169D925B95C	000A4EBF1CEB9C6BD9978D4362493C6E	2013-01-08 17:35:15	2013-01-08 17:47:49	CRD	9.5	1.0	0.5	2.2	0.0	13.2	2	754	1.5	-73.995033	40.739944	-73.982368	40.727879
515D614B20D2BF3BEF939169D925B95C	000A4EBF1CEB9C6BD9978D4362493C6E	2013-01-08 17:52:34	2013-01-08 17:57:00	CSH	5.0	1.0	0.5	0.0	0.0	6.5	1	265	0.5	-73.990509	40.730492	-73.993874	40.725574
515D614B20D2BF3BEF939169D925B95C	000A4EBF1CEB9C6BD9978D4362493C6E	2013-01-08 20:19:19	2013-01-08 20:29:54	CRD	9.5	0.5	0.5	2.1	0.0	12.6	1	634	1.7	-73.954071	40.764076	-73.978821	40.774895
515D614B20D2BF3BEF939169D925B95C	000A4EBF1CEB9C6BD9978D4362493C6E	2013-01-08 20:48:58	2013-01-08 21:10:34	CSH	18.5	0.5	0.5	0.0	0.0	19.5	1	1295	4.9	-73.984589	40.742626	-73.969223	40.689594
515D614B20D2BF3BEF939169D925B95C	000A4EBF1CEB9C6BD9978D4362493C6E	2013-01-08 21:12:06	2013-01-08 21:20:20	CSH	7.5	0.5	0.5	0.0	0.0	8.5	1	493	1.3	-73.972527	40.689667	-73.992973	40.691357
515D614B20D2BF3BEF939169D925B95C	000A4EBF1CEB9C6BD9978D4362493C6E	2013-01-08 22:12:53	2013-01-08 22:59:07	CRD	67.5	0.5	0.5	14.65	4.8	87.95	1	2774	24.5	-74.010193	40.720524	-73.74836	40.600536
515D614B20D2BF3BEF939169D925B95C	000A4EBF1CEB9C6BD9978D4362493C6E	2013-01-09 18:46:26	2013-01-09 19:03:22	CRD	12.0	1.0	0.5	1.0	0.0	14.5	2	1016	2.2	-73.952072	40.769119	-73.979019	40.776669
515D614B20D2BF3BEF939169D925B95C	000A4EBF1CEB9C6BD9978D4362493C6E	2013-01-09 19:26:20	2013-01-09 19:29:10	CSH	4.0	1.0	0.5	0.0	0.0	5.5	2	170	0.6	-73.97905	40.756805	-73.984779	40.748383
515D614B20D2BF3BEF939169D925B95C	000A4EBF1CEB9C6BD9978D4362493C6E	2013-01-09 19:54:38	2013-01-09 20:06:34	CRD	11.0	1.0	0.5	3.1	0.0	15.6	1	716	2.9	-74.010162	40.720753	-73.990845	40.755871
515D614B20D2BF3BEF939169D925B95C	000A4EBF1CEB9C6BD9978D4362493C6E	2013-01-09 22:47:32	2013-01-09 23:06:43	CSH	18.5	0.5	0.5	0.0	0.0	19.5	2	1151	4.9	-73.985146	40.71896	-73.979408	40.665798
515D614B20D2BF3BEF939169D925B95C	000A4EBF1CEB9C6BD9978D4362493C6E	2013-01-09 23:14:50	2013-01-09 23:19:34	CSH	5.5	0.5	0.5	0.0	0.0	6.5	1	283	0.9	-73.993111	40.682854	-73.981544	40.674995
515D614B20D2BF3BEF939169D925B95C	000A4EBF1CEB9C6BD9978D4362493C6E	2013-01-09 23:23:41	2013-01-09 23:34:19	CRD	12.0	0.5	0.5	2.6	0.0	15.6	1	637	3.0	-73.988525	40.670307	-74.023376	40.63522
515D614B20D2BF3BEF939169D925B95C	000A4EBF1CEB9C6BD9978D4362493C6E	2013-01-10 17:27:59	2013-01-10 17:46:56	CSH	14.0	1.0	0.5	0.0	0.0	15.5	2	1137	2.8	-73.978233	40.761356	-74.007111	40.74284
515D614B20D2BF3BEF939169D925B95C	000A4EBF1CEB9C6BD9978D4362493C6E	2013-01-10 18:35:59	2013-01-10 18:51:47	CSH	11.5	1.0	0.5	0.0	0.0	13.0	1	947	2.2	-73.999725	40.721783	-73.990059	40.741669
515D614B20D2BF3BEF939169D925B95C	000A4EBF1CEB9C6BD9978D4362493C6E	2013-01-10 19:12:47	2013-01-10 19:34:14	CRD	15.0	1.0	0.5	3.3	0.0	19.8	1	1286	3.2	-73.977005	40.751026	-74.004417	40.718307
515D614B20D2BF3BEF939169D925B95C	000A4EBF1CEB9C6BD9978D4362493C6E	2013-01-10 20:46:13	2013-01-10 21:00:30	CRD	21.5	0.5	0.5	5.6	0.0	28.1	1	856	7.2	-74.01609	40.711201	-73.954178	40.767872
515D614B20D2BF3BEF939169D925B95C	000A4EBF1CEB9C6BD9978D4362493C6E	2013-01-11 01:03:34	2013-01-11 01:07:18	CRD	5.0	0.5	0.5	1.0	0.0	7.0	1	223	0.9	-73.993706	40.727322	-73.985832	40.730968
515D614B20D2BF3BEF939169D925B95C	000A4EBF1CEB9C6BD9978D4362493C6E	2013-01-11 18:45:35	2013-01-11 18:54:37	CSH	8.0	1.0	0.5	0.0	0.0	9.5	1	542	1.4	-73.977829	40.73415	-73.979172	40.749432
515D614B20D2BF3BEF939169D925B95C	000A4EBF1CEB9C6BD9978D4362493C6E	2013-01-11 19:24:21	2013-01-11 19:27:07	CSH	4.0	1.0	0.5	0.0	0.0	5.5	1	165	0.4	-73.979675	40.735237	-73.974228	40.737049
515D614B20D2BF3BEF939169D925B95C	000A4EBF1CEB9C6BD9978D4362493C6E	2013-01-11 21:12:37	2013-01-11 21:46:03	CRD	30.5	0.5	0.5	7.85	0.0	39.35	1	2006	9.2	-74.003616	40.741871	-74.003647	40.645679
515D614B20D2BF3BEF939169D925B95C	000A4EBF1CEB9C6BD9978D4362493C6E	2013-01-12 02:08:33	2013-01-12 02:12:29	CRD	5.0	0.5	0.5	1.0	0.0	7.0	1	235	0.8	-73.980942	40.744526	-73.99202	40.742668
515D614B20D2BF3BEF939169D925B95C	000A4EBF1CEB9C6BD9978D4362493C6E	2013-01-15 17:31:54	2013-01-15 17:53:21	CSH	16.5	1.0	0.5	0.0	0.0	18.0	1	1287	3.8	-73.998131	40.726185	-73.968506	40.767628
515D614B20D2BF3BEF939169D925B95C	000A4EBF1CEB9C6BD9978D4362493C6E	2013-01-15 18:18:12	2013-01-15 18:25:15	CRD	6.0	1.0	0.5	2.0	0.0	9.5	2	422	0.7	-73.98748	40.744789	-73.985985	40.752476
515D614B20D2BF3BEF939169D925B95C	000A4EBF1CEB9C6BD9978D4362493C6E	2013-01-15 18:26:22	2013-01-15 18:31:31	CSH	5.0	1.0	0.5	0.0	0.0	6.5	1	308	0.3	-73.985756	40.752888	-73.986908	40.757305
515D614B20D2BF3BEF939169D925B95C	000A4EBF1CEB9C6BD9978D4362493C6E	2013-01-16 00:20:01	2013-01-16 00:33:00	CRD	13.0	0.5	0.5	2.8	0.0	16.8	1	779	3.4	-73.97113	40.757404	-73.961609	40.796215
515D614B20D2BF3BEF939169D925B95C	000A4EBF1CEB9C6BD9978D4362493C6E	2013-01-16 20:02:04	2013-01-16 20:16:36	CRD	12.5	0.5	0.5	4.05	0.0	17.55	1	872	3.0	-73.95948	40.767521	-73.994156	40.746288
515D614B20D2BF3BEF939169D925B95C	000A4EBF1CEB9C6BD9978D4362493C6E	2013-01-16 22:00:48	2013-01-16 22:10:22	CSH	10.0	0.5	0.5	0.0	0.0	11.0	1	573	2.6	-73.982132	40.755707	-73.955872	40.782906
515D614B20D2BF3BEF939169D925B95C	000A4EBF1CEB9C6BD9978D4362493C6E	2013-01-16 23:56:44	2013-01-17 00:02:11	CRD	6.0	0.5	0.5	2.1	0.0	9.1	1	326	1.3	-74.010155	40.720589	-74.01252	40.706699
515D614B20D2BF3BEF939169D925B95C	000A4EBF1CEB9C6BD9978D4362493C6E	2013-01-17 18:56:33	2013-01-17 19:11:07	CRD	10.0	1.0	0.5	1.0	0.0	12.5	1	874	1.6	-74.00605	40.740288	-73.987366	40.730446
515D614B20D2BF3BEF939169D925B95C	000A4EBF1CEB9C6BD9978D4362493C6E	2013-01-17 19:30:17	2013-01-17 19:45:20	CRD	11.0	1.0	0.5	1.25	0.0	13.75	1	902	1.8	-73.973396	40.751884	-73.983208	40.770996
515D614B20D2BF3BEF939169D925B95C	000A4EBF1CEB9C6BD9978D4362493C6E	2013-01-17 19:57:22	2013-01-17 20:23:08	CSH	36.0	0.5	0.5	0.0	4.8	41.8	2	1546	12.3	-73.959015	40.780602	-73.848991	40.724113
515D614B20D2BF3BEF939169D925B95C	000A4EBF1CEB9C6BD9978D4362493C6E	2013-01-17 20:52:59	2013-01-17 21:10:32	CRD	25.5	0.5	0.5	6.6	0.0	33.1	1	1053	8.5	-73.862762	40.768856	-73.966263	40.710445
515D614B20D2BF3BEF939169D925B95C	000A4EBF1CEB9C6BD9978D4362493C6E	2013-01-18 19:21:53	2013-01-18 19:49:56	CRD	23.5	1.0	0.5	5.0	0.0	30.0	2	1683	5.9	-73.955933	40.714085	-73.995094	40.75948
515D614B20D2BF3BEF939169D925B95C	000A4EBF1CEB9C6BD9978D4362493C6E	2013-01-18 21:06:25	2013-01-18 21:17:35	CRD	14.0	0.5	0.5	3.0	0.0	18.0	1	669	3.9	-74.016022	40.711506	-73.984009	40.721737
515D614B20D2BF3BEF939169D925B95C	000A4EBF1CEB9C6BD9978D4362493C6E	2013-01-18 21:57:15	2013-01-18 21:58:25	NOC	52.0	0.0	0.5	0.0	0.0	52.5	1	70	1.0	-74.016075	40.711403	-74.01609	40.711372
515D614B20D2BF3BEF939169D925B95C	000A4EBF1CEB9C6BD9978D4362493C6E	2013-01-22 19:10:40	2013-01-22 19:33:32	CSH	20.0	1.0	0.5	0.0	0.0	21.5	1	1371	5.0	-73.99498	40.739971	-73.967255	40.694893
515D614B20D2BF3BEF939169D925B95C	000A4EBF1CEB9C6BD9978D4362493C6E	2013-01-22 20:55:37	2013-01-22 21:04:29	CRD	9.5	0.5	0.5	1.5	0.0	12.0	1	531	2.3	-73.988914	40.700703	-73.991814	40.717514
515D614B20D2BF3BEF939169D925B95C	000A4EBF1CEB9C6BD9978D4362493C6E	2013-01-22 21:08:01	2013-01-22 21:19:41	CRD	11.5	0.5	0.5	2.0	0.0	14.5	1	700	2.8	-73.988838	40.723179	-73.984344	40.754444
515D614B20D2BF3BEF939169D925B95C	000A4EBF1CEB9C6BD9978D4362493C6E	2013-01-22 23:29:04	2013-01-22 23:31:25	CRD	4.0	0.5	0.5	1.0	0.0	6.0	1	141	0.6	-74.001701	40.735432	-74.004456	40.727741
515D614B20D2BF3BEF939169D925B95C	000A4EBF1CEB9C6BD9978D4362493C6E	2013-01-23 18:23:49	2013-01-23 18:48:19	CSH	25.5	1.0	0.5	0.0	0.0	27.0	1	1469	8.2	-73.992332	40.694332	-73.960419	40.772278
515D614B20D2BF3BEF939169D925B95C	000A4EBF1CEB9C6BD9978D4362493C6E	2013-01-23 18:55:35	2013-01-23 19:01:58	CRD	8.0	1.0	0.5	1.9	0.0	11.4	1	382	2.1	-73.95298	40.768219	-73.974915	40.753456
515D614B20D2BF3BEF939169D925B95C	000A4EBF1CEB9C6BD9978D4362493C6E	2013-01-23 19:53:34	2013-01-23 20:03:29	CSH	10.0	1.0	0.5	0.0	0.0	11.5	2	594	2.5	-73.974785	40.750381	-73.949097	40.776962
515D614B20D2BF3BEF939169D925B95C	000A4EBF1CEB9C6BD9978D4362493C6E	2013-01-24 18:33:02	2013-01-24 18:57:11	CSH	16.5	1.0	0.5	0.0	0.0	18.0	4	1448	3.1	-74.001488	40.746319	-74.002777	40.708748
515D614B20D2BF3BEF939169D925B95C	000A4EBF1CEB9C6BD9978D4362493C6E	2013-01-24 21:16:11	2013-01-24 21:37:18	CRD	18.0	0.5	0.5	3.0	0.0	22.0	3	1266	4.9	-74.005905	40.740299	-73.986427	40.684555
515D614B20D2BF3BEF939169D925B95C	000A4EBF1CEB9C6BD9978D4362493C6E	2013-01-24 21:43:25	2013-01-24 21:48:16	NOC	5.0	0.5	0.5	0.0	0.0	6.0	1	291	0.4	-73.977119	40.683773	-73.982239	40.686821
515D614B20D2BF3BEF939169D925B95C	000A4EBF1CEB9C6BD9978D4362493C6E	2013-01-24 23:33:04	2013-01-24 23:39:41	CSH	7.5	0.5	0.5	0.0	0.0	8.5	1	396	1.5	-73.941605	40.818424	-73.938591	40.802769
515D614B20D2BF3BEF939169D925B95C	000A4EBF1CEB9C6BD9978D4362493C6E	2013-01-25 00:10:26	2013-01-25 00:12:15	CSH	3.5	0.5	0.5	0.0	0.0	4.5	1	108	0.4	-73.964958	40.7598	-73.967384	40.754295
515D614B20D2BF3BEF939169D925B95C	000A4EBF1CEB9C6BD9978D4362493C6E	2013-01-25 00:28:45	2013-01-25 00:43:18	CRD	15.5	0.5	0.5	2.5	0.0	19.0	1	872	4.5	-73.971336	40.75766	-73.899094	40.749878
515D614B20D2BF3BEF939169D925B95C	000A4EBF1CEB9C6BD9978D4362493C6E	2013-01-25 17:40:32	2013-01-25 18:11:10	CRD	19.0	1.0	0.5	1.5	0.0	22.0	1	1837	3.5	-73.990463	40.730713	-73.955933	40.768711
515D614B20D2BF3BEF939169D925B95C	000A4EBF1CEB9C6BD9978D4362493C6E	2013-01-25 18:14:44	2013-01-25 18:28:52	CRD	10.5	1.0	0.5	2.0	0.0	14.0	1	847	2.0	-73.957794	40.768673	-73.978874	40.780018
515D614B20D2BF3BEF939169D925B95C	000A4EBF1CEB9C6BD9978D4362493C6E	2013-01-25 19:02:08	2013-01-25 19:09:37	CRD	6.5	1.0	0.5	1.6	0.0	9.6	1	449	1.1	-73.95829	40.764683	-73.946854	40.775928
515D614B20D2BF3BEF939169D925B95C	000A4EBF1CEB9C6BD9978D4362493C6E	2013-01-25 20:53:02	2013-01-25 21:08:50	CSH	11.5	0.5	0.5	0.0	0.0	12.5	2	948	2.1	-73.980804	40.742397	-73.999062	40.761082
515D614B20D2BF3BEF939169D925B95C	000A4EBF1CEB9C6BD9978D4362493C6E	2013-01-25 23:20:21	2013-01-25 23:25:16	CRD	5.0	0.5	0.5	1.2	0.0	7.2	1	294	0.7	-73.988518	40.727501	-73.990128	40.718964
515D614B20D2BF3BEF939169D925B95C	000A4EBF1CEB9C6BD9978D4362493C6E	2013-01-28 20:04:21	2013-01-28 20:16:31	CSH	9.5	0.5	0.5	0.0	0.0	10.5	1	729	1.6	-73.974396	40.748474	-73.970795	40.763683
515D614B20D2BF3BEF939169D925B95C	000A4EBF1CEB9C6BD9978D4362493C6E	2013-01-28 20:42:38	2013-01-28 21:01:42	CSH	13.5	0.5	0.5	0.0	0.0	14.5	2	1143	3.1	-73.977547	40.751152	-73.987625	40.773808
515D614B20D2BF3BEF939169D925B95C	000A4EBF1CEB9C6BD9978D4362493C6E	2013-01-28 23:10:04	2013-01-28 23:31:26	CRD	25.0	0.5	0.5	5.2	0.0	31.2	1	1282	8.5	-73.971313	40.757408	-73.850403	40.723209
515D614B20D2BF3BEF939169D925B95C	000A4EBF1CEB9C6BD9978D4362493C6E	2013-01-29 00:12:29	2013-01-29 00:25:20	CRD	13.5	0.5	0.5	1.5	0.0	16.0	1	771	3.7	-73.957962	40.721836	-74.00174	40.726978
515D614B20D2BF3BEF939169D925B95C	000A4EBF1CEB9C6BD9978D4362493C6E	2013-01-29 19:46:11	2013-01-29 19:50:29	CSH	5.0	1.0	0.5	0.0	0.0	6.5	1	257	0.7	-73.984444	40.724773	-73.990303	40.714397
515D614B20D2BF3BEF939169D925B95C	000A4EBF1CEB9C6BD9978D4362493C6E	2013-01-29 20:22:21	2013-01-29 20:34:57	CRD	9.5	0.5	0.5	3.15	0.0	13.65	2	756	1.6	-74.009995	40.72068	-74.009575	40.705517
515D614B20D2BF3BEF939169D925B95C	000A4EBF1CEB9C6BD9978D4362493C6E	2013-01-29 21:18:23	2013-01-29 21:33:56	CSH	15.0	0.5	0.5	0.0	0.0	16.0	1	932	4.1	-73.982124	40.76973	-73.939629	40.798397
515D614B20D2BF3BEF939169D925B95C	000A4EBF1CEB9C6BD9978D4362493C6E	2013-01-29 23:27:24	2013-01-29 23:48:40	CRD	21.0	0.5	0.5	4.4	0.0	26.4	1	1276	6.5	-73.995026	40.727432	-73.964317	40.803284
515D614B20D2BF3BEF939169D925B95C	000A4EBF1CEB9C6BD9978D4362493C6E	2013-01-29 23:49:57	2013-01-29 23:55:51	CRD	7.0	0.5	0.5	0.5	0.0	8.5	1	353	1.3	-73.964424	40.803314	-73.976761	40.788151
515D614B20D2BF3BEF939169D925B95C	000A4EBF1CEB9C6BD9978D4362493C6E	2013-01-30 00:37:21	2013-01-30 00:45:11	CRD	9.0	0.5	0.5	0.0	0.0	10.0	1	470	2.3	-74.003517	40.723324	-73.986298	40.753269
515D614B20D2BF3BEF939169D925B95C	000A4EBF1CEB9C6BD9978D4362493C6E	2013-01-30 20:58:30	2013-01-30 21:07:43	CRD	9.5	0.5	0.5	1.75	0.0	12.25	1	553	2.2	-74.01017	40.720596	-73.996376	40.743038
515D614B20D2BF3BEF939169D925B95C	000A4EBF1CEB9C6BD9978D4362493C6E	2013-01-30 21:58:46	2013-01-30 22:05:28	CSH	6.5	0.5	0.5	0.0	0.0	7.5	2	402	1.2	-73.995056	40.750042	-73.992111	40.764172
515D614B20D2BF3BEF939169D925B95C	000A4EBF1CEB9C6BD9978D4362493C6E	2013-01-30 23:55:59	2013-01-31 00:10:34	CSH	13.0	0.5	0.5	0.0	0.0	14.0	1	874	3.2	-73.990051	40.762104	-73.978203	40.729458
515D614B20D2BF3BEF939169D925B95C	000A4EBF1CEB9C6BD9978D4362493C6E	2013-01-31 18:43:19	2013-01-31 18:50:36	CSH	6.0	1.0	0.5	0.0	0.0	7.5	1	436	0.6	-73.982735	40.771812	-73.980186	40.765217
515D614B20D2BF3BEF939169D925B95C	000A4EBF1CEB9C6BD9978D4362493C6E	2013-01-31 19:04:02	2013-01-31 19:16:26	CRD	9.0	1.0	0.5	1.65	0.0	12.15	2	743	1.1	-73.977592	40.762772	-73.962959	40.765499
515D614B20D2BF3BEF939169D925B95C	000A4EBF1CEB9C6BD9978D4362493C6E	2013-01-31 20:05:42	2013-01-31 20:11:54	CSH	5.5	0.5	0.5	0.0	0.0	6.5	1	371	0.7	-73.97982	40.76329	-73.976868	40.754433
515D614B20D2BF3BEF939169D925B95C	000A4EBF1CEB9C6BD9978D4362493C6E	2013-01-31 20:56:19	2013-01-31 21:05:37	CRD	10.5	0.5	0.5	2.85	0.0	14.35	1	558	2.9	-73.978729	40.752586	-73.947319	40.777721
515D614B20D2BF3BEF939169D925B95C	000A4EBF1CEB9C6BD9978D4362493C6E	2013-01-31 21:18:59	2013-01-31 21:23:33	CSH	5.0	0.5	0.5	0.0	0.0	6.0	1	273	0.6	-73.954628	40.763897	-73.965446	40.766769
DC1BD2B0B0BE3A6513F54B8138FD9F6A	000B8D660A329BBDBF888500E4BD8B98	2013-01-01 00:34:00	2013-01-01 00:42:12	CSH	8.5	0.5	0.5	0.0	0.0	9.5	4	491	1.8	-73.963921	40.776905	-73.973824	40.756573
DC1BD2B0B0BE3A6513F54B8138FD9F6A	000B8D660A329BBDBF888500E4BD8B98	2013-01-01 02:26:11	2013-01-01 02:46:02	CRD	18.5	0.5	0.5	3.9	0.0	23.4	1	1190	4.9	-73.998734	40.745487	-73.97348	40.696636
DC1BD2B0B0BE3A6513F54B8138FD9F6A	000B8D660A329BBDBF888500E4BD8B98	2013-01-01 21:01:15	2013-01-01 21:21:21	CRD	52.0	0.0	0.5	5.8	4.8	63.1	1	1205	8.0	-73.881096	40.769623	-73.970543	40.799263
DC1BD2B0B0BE3A6513F54B8138FD9F6A	000B8D660A329BBDBF888500E4BD8B98	2013-01-01 21:50:11	2013-01-01 21:52:42	CSH	4.5	0.5	0.5	0.0	0.0	5.5	2	150	0.8	-73.991249	40.760509	-73.988304	40.769386
DC1BD2B0B0BE3A6513F54B8138FD9F6A	000B8D660A329BBDBF888500E4BD8B98	2013-01-01 22:29:14	2013-01-01 22:33:13	CRD	5.0	0.5	0.5	1.2	0.0	7.2	1	239	0.6	-73.981216	40.751194	-73.99025	40.756535
DC1BD2B0B0BE3A6513F54B8138FD9F6A	000B8D660A329BBDBF888500E4BD8B98	2013-01-02 20:15:13	2013-01-02 20:17:23	CSH	3.0	0.5	0.5	0.0	0.0	4.0	1	130	0.2	-73.949089	40.781746	-73.950752	40.779278
DC1BD2B0B0BE3A6513F54B8138FD9F6A	000B8D660A329BBDBF888500E4BD8B98	2013-01-02 21:29:24	2013-01-02 21:34:07	CRD	6.0	0.5	0.5	2.0	0.0	9.0	1	282	1.2	-73.994232	40.745998	-73.996849	40.732018
DC1BD2B0B0BE3A6513F54B8138FD9F6A	000B8D660A329BBDBF888500E4BD8B98	2013-01-03 03:40:12	2013-01-03 03:55:43	CSH	19.0	0.5	0.5	0.0	0.0	20.0	1	930	5.5	-74.005455	40.73893	-73.953262	40.724995
DC1BD2B0B0BE3A6513F54B8138FD9F6A	000B8D660A329BBDBF888500E4BD8B98	2013-01-04 18:55:03	2013-01-04 19:09:00	CSH	12.5	1.0	0.5	0.0	0.0	14.0	3	836	2.8	-73.998428	40.71986	-73.956619	40.714394
DC1BD2B0B0BE3A6513F54B8138FD9F6A	000B8D660A329BBDBF888500E4BD8B98	2013-01-04 19:35:11	2013-01-04 19:37:43	CSH	4.5	1.0	0.5	0.0	0.0	6.0	1	152	0.8	-73.987701	40.749989	-73.977257	40.74929
DC1BD2B0B0BE3A6513F54B8138FD9F6A	000B8D660A329BBDBF888500E4BD8B98	2013-01-05 03:46:13	2013-01-05 03:54:12	CRD	7.5	0.5	0.5	1.7	0.0	10.2	2	479	1.2	-74.009041	40.738213	-73.989578	40.734409
DC1BD2B0B0BE3A6513F54B8138FD9F6A	000B8D660A329BBDBF888500E4BD8B98	2013-01-05 04:22:16	2013-01-05 04:39:38	CSH	20.5	0.5	0.5	0.0	0.0	21.5	1	1041	6.0	-73.998749	40.750244	-73.942459	40.786331
DC1BD2B0B0BE3A6513F54B8138FD9F6A	000B8D660A329BBDBF888500E4BD8B98	2013-01-05 19:40:06	2013-01-05 19:50:45	CRD	9.5	0.0	0.5	1.0	0.0	11.0	1	639	1.9	-73.999664	40.726883	-73.990341	40.749683
DC1BD2B0B0BE3A6513F54B8138FD9F6A	000B8D660A329BBDBF888500E4BD8B98	2013-01-05 19:58:02	2013-01-05 20:09:29	CRD	9.5	0.0	0.5	2.0	0.0	12.0	4	686	1.7	-73.995224	40.749958	-73.977768	40.766178
DC1BD2B0B0BE3A6513F54B8138FD9F6A	000B8D660A329BBDBF888500E4BD8B98	2013-01-05 22:37:38	2013-01-05 22:42:31	CRD	5.5	0.5	0.5	1.3	0.0	7.8	1	293	0.8	-73.986374	40.71817	-73.985176	40.723934
DC1BD2B0B0BE3A6513F54B8138FD9F6A	000B8D660A329BBDBF888500E4BD8B98	2013-01-06 00:01:58	2013-01-06 00:15:42	CSH	11.0	0.5	0.5	0.0	0.0	12.0	1	824	2.3	-73.992157	40.725014	-73.991524	40.749916
DC1BD2B0B0BE3A6513F54B8138FD9F6A	000B8D660A329BBDBF888500E4BD8B98	2013-01-06 01:10:28	2013-01-06 01:15:24	CRD	6.0	0.5	0.5	1.75	0.0	8.75	1	295	1.1	-73.99157	40.749763	-73.97892	40.74107
DC1BD2B0B0BE3A6513F54B8138FD9F6A	000B8D660A329BBDBF888500E4BD8B98	2013-01-06 01:46:29	2013-01-06 01:51:13	CRD	7.0	0.5	0.5	1.6	0.0	9.6	1	283	1.9	-73.988098	40.732132	-73.970734	40.755463
DC1BD2B0B0BE3A6513F54B8138FD9F6A	000B8D660A329BBDBF888500E4BD8B98	2013-01-06 03:20:07	2013-01-06 03:41:17	CSH	36.0	0.5	0.5	0.0	0.0	37.0	1	1270	12.7	-73.991699	40.749916	-73.890724	40.825108
DC1BD2B0B0BE3A6513F54B8138FD9F6A	000B8D660A329BBDBF888500E4BD8B98	2013-01-06 18:15:02	2013-01-06 18:24:55	CRD	8.5	0.0	0.5	1.0	0.0	10.0	1	593	1.7	-73.966606	40.7575	-73.984428	40.746723
DC1BD2B0B0BE3A6513F54B8138FD9F6A	000B8D660A329BBDBF888500E4BD8B98	2013-01-06 19:19:14	2013-01-06 19:21:29	CSH	4.5	0.0	0.5	0.0	0.0	5.0	1	134	0.9	-73.992645	40.742962	-73.982834	40.750732
DC1BD2B0B0BE3A6513F54B8138FD9F6A	000B8D660A329BBDBF888500E4BD8B98	2013-01-06 19:46:50	2013-01-06 19:54:49	CRD	9.0	0.0	0.5	2.86	4.8	17.16	1	478	2.0	-73.953865	40.74395	-73.97924	40.746387
DC1BD2B0B0BE3A6513F54B8138FD9F6A	000B8D660A329BBDBF888500E4BD8B98	2013-01-07 01:59:40	2013-01-07 02:22:59	CRD	52.0	0.0	0.5	5.0	0.0	57.5	1	1399	15.7	-73.807365	40.657063	-73.957047	40.763287
DC1BD2B0B0BE3A6513F54B8138FD9F6A	000B8D660A329BBDBF888500E4BD8B98	2013-01-07 02:40:24	2013-01-07 02:43:33	CSH	4.5	0.5	0.5	0.0	0.0	5.5	3	189	0.7	-73.991013	40.760742	-73.996017	40.767326
DC1BD2B0B0BE3A6513F54B8138FD9F6A	000B8D660A329BBDBF888500E4BD8B98	2013-01-08 17:52:43	2013-01-08 18:00:22	CRD	8.0	1.0	0.5	2.37	0.0	11.87	1	458	1.7	-73.971313	40.757103	-73.988266	40.737213
DC1BD2B0B0BE3A6513F54B8138FD9F6A	000B8D660A329BBDBF888500E4BD8B98	2013-01-08 21:07:07	2013-01-08 21:10:42	CRD	5.0	0.5	0.5	1.0	0.0	7.0	1	214	0.8	-73.992981	40.745419	-74.00499	40.740852
DC1BD2B0B0BE3A6513F54B8138FD9F6A	000B8D660A329BBDBF888500E4BD8B98	2013-01-08 23:14:41	2013-01-08 23:29:11	CSH	14.5	0.5	0.5	0.0	0.0	15.5	1	869	4.0	-73.971863	40.794846	-74.005043	40.747952
DC1BD2B0B0BE3A6513F54B8138FD9F6A	000B8D660A329BBDBF888500E4BD8B98	2013-01-08 23:36:56	2013-01-08 23:40:06	CSH	4.5	0.5	0.5	0.0	0.0	5.5	4	189	0.8	-74.005623	40.740753	-73.995895	40.744167
DC1BD2B0B0BE3A6513F54B8138FD9F6A	000B8D660A329BBDBF888500E4BD8B98	2013-01-09 00:04:46	2013-01-09 00:09:04	CSH	5.5	0.5	0.5	0.0	0.0	6.5	1	258	1.1	-73.990158	40.756844	-73.977631	40.764454
DC1BD2B0B0BE3A6513F54B8138FD9F6A	000B8D660A329BBDBF888500E4BD8B98	2013-01-09 03:21:06	2013-01-09 03:23:00	CSH	4.5	0.5	0.5	0.0	0.0	5.5	1	113	0.9	-73.999763	40.743523	-73.990913	40.755497
DC1BD2B0B0BE3A6513F54B8138FD9F6A	000B8D660A329BBDBF888500E4BD8B98	2013-01-09 18:54:04	2013-01-09 19:00:43	CSH	6.0	1.0	0.5	0.0	0.0	7.5	2	398	0.6	-73.99424	40.751118	-73.988678	40.757847
DC1BD2B0B0BE3A6513F54B8138FD9F6A	000B8D660A329BBDBF888500E4BD8B98	2013-01-09 19:02:23	2013-01-09 19:10:48	CSH	7.5	1.0	0.5	0.0	0.0	9.0	1	504	1.1	-73.986465	40.758995	-73.987259	40.768631
DC1BD2B0B0BE3A6513F54B8138FD9F6A	000B8D660A329BBDBF888500E4BD8B98	2013-01-09 22:18:09	2013-01-09 22:30:34	CSH	11.5	0.5	0.5	0.0	0.0	12.5	1	745	2.6	-73.967659	40.756229	-73.981064	40.78096
DC1BD2B0B0BE3A6513F54B8138FD9F6A	000B8D660A329BBDBF888500E4BD8B98	2013-01-09 23:36:56	2013-01-09 23:57:20	CRD	19.0	0.5	0.5	4.0	0.0	24.0	1	1223	5.7	-73.991455	40.745007	-73.959717	40.691475
DC1BD2B0B0BE3A6513F54B8138FD9F6A	000B8D660A329BBDBF888500E4BD8B98	2013-01-10 02:55:22	2013-01-10 03:07:38	CRD	15.5	0.5	0.5	2.0	0.0	18.5	1	735	4.8	-73.967941	40.762089	-73.88504	40.753933
DC1BD2B0B0BE3A6513F54B8138FD9F6A	000B8D660A329BBDBF888500E4BD8B98	2013-01-10 18:40:35	2013-01-10 18:46:09	CSH	5.5	1.0	0.5	0.0	0.0	7.0	1	333	0.7	-73.990234	40.757198	-73.982765	40.76572
DC1BD2B0B0BE3A6513F54B8138FD9F6A	000B8D660A329BBDBF888500E4BD8B98	2013-01-10 19:44:08	2013-01-10 19:53:26	CRD	7.5	1.0	0.5	2.25	0.0	11.25	1	557	1.2	-73.990906	40.749161	-74.001411	40.734684
DC1BD2B0B0BE3A6513F54B8138FD9F6A	000B8D660A329BBDBF888500E4BD8B98	2013-01-10 23:21:47	2013-01-10 23:33:58	CSH	12.0	0.5	0.5	0.0	0.0	13.0	1	731	2.9	-73.989243	40.757908	-73.984032	40.728642
DC1BD2B0B0BE3A6513F54B8138FD9F6A	000B8D660A329BBDBF888500E4BD8B98	2013-01-11 20:01:55	2013-01-11 20:33:53	CSH	25.0	0.5	0.5	0.0	0.0	26.0	2	1917	6.1	-73.994194	40.71983	-73.950264	40.651623
DC1BD2B0B0BE3A6513F54B8138FD9F6A	000B8D660A329BBDBF888500E4BD8B98	2013-01-11 22:10:15	2013-01-11 22:25:49	CRD	13.5	0.5	0.5	3.62	0.0	18.12	1	933	3.5	-73.992165	40.745068	-74.00769	40.705395
DC1BD2B0B0BE3A6513F54B8138FD9F6A	000B8D660A329BBDBF888500E4BD8B98	2013-01-12 01:05:43	2013-01-12 01:10:53	CRD	6.0	0.5	0.5	1.4	0.0	8.4	2	309	1.0	-74.005379	40.740028	-74.005569	40.726517
DC1BD2B0B0BE3A6513F54B8138FD9F6A	000B8D660A329BBDBF888500E4BD8B98	2013-01-12 01:59:17	2013-01-12 02:12:56	CRD	13.0	0.5	0.5	2.8	0.0	16.8	1	818	3.4	-73.993637	40.72118	-73.96447	40.764629
DC1BD2B0B0BE3A6513F54B8138FD9F6A	000B8D660A329BBDBF888500E4BD8B98	2013-01-12 03:51:39	2013-01-12 04:00:32	CRD	8.5	0.5	0.5	0.5	0.0	10.0	1	532	1.7	-73.987297	40.722446	-73.981178	40.737423
DC1BD2B0B0BE3A6513F54B8138FD9F6A	000B8D660A329BBDBF888500E4BD8B98	2013-01-12 04:05:20	2013-01-12 04:09:18	CSH	5.0	0.5	0.5	0.0	0.0	6.0	3	238	0.8	-73.989861	40.739876	-73.988541	40.748318
DC1BD2B0B0BE3A6513F54B8138FD9F6A	000B8D660A329BBDBF888500E4BD8B98	2013-01-12 17:40:38	2013-01-12 18:17:15	CRD	25.0	0.0	0.5	5.1	0.0	30.6	2	2197	4.1	-73.974503	40.752949	-74.004074	40.70583
DC1BD2B0B0BE3A6513F54B8138FD9F6A	000B8D660A329BBDBF888500E4BD8B98	2013-01-12 20:21:17	2013-01-12 20:34:18	CRD	9.5	0.5	0.5	2.1	0.0	12.6	1	780	1.1	-73.979836	40.732407	-73.991348	40.730206
DC1BD2B0B0BE3A6513F54B8138FD9F6A	000B8D660A329BBDBF888500E4BD8B98	2013-01-12 22:46:34	2013-01-12 22:54:45	CSH	7.5	0.5	0.5	0.0	0.0	8.5	1	490	1.3	-73.986137	40.755596	-73.976913	40.745338
DC1BD2B0B0BE3A6513F54B8138FD9F6A	000B8D660A329BBDBF888500E4BD8B98	2013-01-13 00:16:10	2013-01-13 00:44:42	CSH	20.0	0.5	0.5	0.0	0.0	21.0	2	1711	3.7	-73.983757	40.760536	-73.98275	40.719952
DC1BD2B0B0BE3A6513F54B8138FD9F6A	000B8D660A329BBDBF888500E4BD8B98	2013-01-13 02:44:12	2013-01-13 03:06:23	CSH	37.5	0.5	0.5	0.0	4.8	43.3	1	1331	13.3	-73.955544	40.804363	-73.835663	40.704105
DC1BD2B0B0BE3A6513F54B8138FD9F6A	000B8D660A329BBDBF888500E4BD8B98	2013-01-13 03:25:42	2013-01-13 03:33:46	CSH	11.5	0.5	0.5	0.0	0.0	12.5	1	483	3.0	-73.920921	40.743652	-73.967766	40.756535
DC1BD2B0B0BE3A6513F54B8138FD9F6A	000B8D660A329BBDBF888500E4BD8B98	2013-01-13 03:58:19	2013-01-13 04:06:14	CSH	7.5	0.5	0.5	0.0	0.0	8.5	1	474	1.0	-74.005341	40.73988	-73.990173	40.732838
DC1BD2B0B0BE3A6513F54B8138FD9F6A	000B8D660A329BBDBF888500E4BD8B98	2013-01-13 04:30:04	2013-01-13 04:36:56	CSH	8.0	0.5	0.5	0.0	0.0	9.0	1	411	1.6	-74.005341	40.739883	-74.011055	40.720276
DC1BD2B0B0BE3A6513F54B8138FD9F6A	000B8D660A329BBDBF888500E4BD8B98	2013-01-13 20:11:22	2013-01-13 20:20:36	CSH	11.5	0.5	0.5	0.0	0.0	12.5	1	553	3.1	-73.991104	40.745529	-73.971268	40.782536
DC1BD2B0B0BE3A6513F54B8138FD9F6A	000B8D660A329BBDBF888500E4BD8B98	2013-01-13 20:29:41	2013-01-13 20:44:43	CRD	15.0	0.5	0.5	2.0	0.0	18.0	2	901	4.2	-73.953728	40.775249	-73.996208	40.732445
DC1BD2B0B0BE3A6513F54B8138FD9F6A	000B8D660A329BBDBF888500E4BD8B98	2013-01-13 21:44:14	2013-01-13 21:46:19	CSH	4.5	0.5	0.5	0.0	0.0	5.5	1	125	0.9	-74.002373	40.740112	-73.998322	40.750179
DC1BD2B0B0BE3A6513F54B8138FD9F6A	000B8D660A329BBDBF888500E4BD8B98	2013-01-13 22:16:00	2013-01-13 22:16:35	CRD	80.0	0.0	0.0	0.0	0.0	80.0	1	34	0.0	-73.988922	40.882099	-73.988922	40.882099
DC1BD2B0B0BE3A6513F54B8138FD9F6A	000B8D660A329BBDBF888500E4BD8B98	2013-01-13 22:36:49	2013-01-13 22:45:26	CRD	13.5	0.5	0.5	2.0	0.0	16.5	2	517	3.9	-73.971428	40.795425	-74.003281	40.756252
DC1BD2B0B0BE3A6513F54B8138FD9F6A	000B8D660A329BBDBF888500E4BD8B98	2013-01-14 00:25:49	2013-01-14 00:48:51	CSH	25.5	0.5	0.5	0.0	0.0	26.5	3	1381	8.3	-73.974327	40.788754	-73.876945	40.750805
DC1BD2B0B0BE3A6513F54B8138FD9F6A	000B8D660A329BBDBF888500E4BD8B98	2013-01-15 20:15:55	2013-01-15 20:19:27	CRD	6.0	0.5	0.5	1.4	0.0	8.4	1	212	1.4	-73.992424	40.758606	-74.005211	40.740421
DC1BD2B0B0BE3A6513F54B8138FD9F6A	000B8D660A329BBDBF888500E4BD8B98	2013-01-16 00:09:47	2013-01-16 00:24:44	CSH	15.5	0.5	0.5	0.0	0.0	16.5	1	896	4.6	-74.005089	40.741108	-73.968651	40.692211
DC1BD2B0B0BE3A6513F54B8138FD9F6A	000B8D660A329BBDBF888500E4BD8B98	2013-01-16 03:21:37	2013-01-16 03:32:34	CSH	11.0	0.5	0.5	0.0	0.0	12.0	2	656	2.7	-74.005356	40.739635	-73.974701	40.755066
DC1BD2B0B0BE3A6513F54B8138FD9F6A	000B8D660A329BBDBF888500E4BD8B98	2013-01-16 18:34:39	2013-01-16 18:52:05	CRD	12.5	1.0	0.5	1.0	0.0	15.0	1	1045	1.9	-73.974457	40.762127	-73.989372	40.741287
DC1BD2B0B0BE3A6513F54B8138FD9F6A	000B8D660A329BBDBF888500E4BD8B98	2013-01-16 19:43:36	2013-01-16 19:51:58	CSH	8.0	1.0	0.5	0.0	0.0	9.5	1	501	1.9	-73.988991	40.753311	-74.007736	40.731834
DC1BD2B0B0BE3A6513F54B8138FD9F6A	000B8D660A329BBDBF888500E4BD8B98	2013-01-17 22:36:53	2013-01-17 22:46:58	CSH	8.5	0.5	0.5	0.0	0.0	9.5	1	605	1.5	-73.98288	40.77195	-73.969315	40.75856
DC1BD2B0B0BE3A6513F54B8138FD9F6A	000B8D660A329BBDBF888500E4BD8B98	2013-01-17 23:05:06	2013-01-17 23:09:36	CSH	5.5	0.5	0.5	0.0	0.0	6.5	1	270	1.0	-74.002678	40.749947	-73.990257	40.756805
DC1BD2B0B0BE3A6513F54B8138FD9F6A	000B8D660A329BBDBF888500E4BD8B98	2013-01-17 23:12:17	2013-01-17 23:24:35	CRD	13.5	0.5	0.5	2.9	0.0	17.4	1	738	3.6	-73.987183	40.760757	-73.95256	40.803062
DC1BD2B0B0BE3A6513F54B8138FD9F6A	000B8D660A329BBDBF888500E4BD8B98	2013-01-18 02:33:00	2013-01-18 02:46:49	CSH	12.5	0.5	0.5	0.0	0.0	13.5	1	828	2.7	-74.009331	40.738415	-73.994102	40.712402
DC1BD2B0B0BE3A6513F54B8138FD9F6A	000B8D660A329BBDBF888500E4BD8B98	2013-01-18 22:00:48	2013-01-18 22:05:12	CSH	6.0	0.5	0.5	0.0	0.0	7.0	2	263	1.2	-73.99292	40.75795	-74.004112	40.742634
DC1BD2B0B0BE3A6513F54B8138FD9F6A	000B8D660A329BBDBF888500E4BD8B98	2013-01-18 22:07:00	2013-01-18 22:18:58	CSH	10.0	0.5	0.5	0.0	0.0	11.0	1	718	1.7	-74.005043	40.741089	-73.98912	40.722977
DC1BD2B0B0BE3A6513F54B8138FD9F6A	000B8D660A329BBDBF888500E4BD8B98	2013-01-18 23:25:04	2013-01-18 23:34:19	CRD	8.5	0.5	0.5	2.0	0.0	11.5	1	555	1.5	-73.997925	40.721771	-74.006989	40.735634
DC1BD2B0B0BE3A6513F54B8138FD9F6A	000B8D660A329BBDBF888500E4BD8B98	2013-01-19 02:26:12	2013-01-19 02:37:27	CRD	9.0	0.5	0.5	1.0	0.0	11.0	1	674	1.1	-74.001999	40.739529	-74.004456	40.743198
DC1BD2B0B0BE3A6513F54B8138FD9F6A	000B8D660A329BBDBF888500E4BD8B98	2013-01-19 03:20:53	2013-01-19 03:39:04	CRD	15.5	0.5	0.5	3.3	0.0	19.8	1	1091	3.7	-73.951546	40.714062	-73.939781	40.707268
DC1BD2B0B0BE3A6513F54B8138FD9F6A	000B8D660A329BBDBF888500E4BD8B98	2013-01-19 18:25:43	2013-01-19 18:30:58	CSH	5.5	0.0	0.5	0.0	0.0	6.0	1	315	0.6	-73.977448	40.75956	-73.982384	40.751514
DC1BD2B0B0BE3A6513F54B8138FD9F6A	000B8D660A329BBDBF888500E4BD8B98	2013-01-19 22:46:18	2013-01-19 23:01:23	CRD	16.0	0.5	0.5	3.4	0.0	20.4	2	905	4.9	-73.980461	40.751369	-73.944412	40.800552
DC1BD2B0B0BE3A6513F54B8138FD9F6A	000B8D660A329BBDBF888500E4BD8B98	2013-01-19 23:05:10	2013-01-19 23:32:30	CRD	22.5	0.5	0.5	4.7	0.0	28.2	2	1639	5.8	-73.949005	40.797192	-73.989944	40.725368
DC1BD2B0B0BE3A6513F54B8138FD9F6A	000B8D660A329BBDBF888500E4BD8B98	2013-01-19 23:49:17	2013-01-20 00:00:50	CRD	8.0	0.5	0.5	1.8	0.0	10.8	1	693	0.3	-73.990555	40.723537	-73.987305	40.72049
DC1BD2B0B0BE3A6513F54B8138FD9F6A	000B8D660A329BBDBF888500E4BD8B98	2013-01-20 00:27:41	2013-01-20 00:36:53	CSH	8.5	0.5	0.5	0.0	0.0	9.5	2	552	1.9	-73.982079	40.764961	-74.004395	40.752632
DC1BD2B0B0BE3A6513F54B8138FD9F6A	000B8D660A329BBDBF888500E4BD8B98	2013-01-20 00:43:48	2013-01-20 00:53:47	CSH	8.5	0.5	0.5	0.0	0.0	9.5	1	598	1.3	-73.993362	40.751678	-73.997597	40.763988
DC1BD2B0B0BE3A6513F54B8138FD9F6A	000B8D660A329BBDBF888500E4BD8B98	2013-01-20 18:51:02	2013-01-20 19:01:47	CRD	9.0	0.0	0.5	1.9	0.0	11.4	2	645	1.5	-74.000015	40.742733	-73.986221	40.761917
DC1BD2B0B0BE3A6513F54B8138FD9F6A	000B8D660A329BBDBF888500E4BD8B98	2013-01-20 19:16:30	2013-01-20 19:24:09	CRD	8.5	0.0	0.5	1.0	0.0	10.0	1	459	1.8	-73.967461	40.787724	-73.944481	40.779675
DC1BD2B0B0BE3A6513F54B8138FD9F6A	000B8D660A329BBDBF888500E4BD8B98	2013-01-20 19:44:34	2013-01-20 19:47:25	CSH	5.0	0.0	0.5	0.0	0.0	5.5	1	170	0.8	-73.976532	40.78849	-73.982224	40.777367
DC1BD2B0B0BE3A6513F54B8138FD9F6A	000B8D660A329BBDBF888500E4BD8B98	2013-01-20 20:41:14	2013-01-20 20:46:02	CRD	6.0	0.5	0.5	1.4	0.0	8.4	1	287	1.1	-73.992012	40.764965	-74.003418	40.756371
DC1BD2B0B0BE3A6513F54B8138FD9F6A	000B8D660A329BBDBF888500E4BD8B98	2013-01-20 21:45:41	2013-01-20 21:58:08	CRD	13.5	0.5	0.5	2.9	0.0	17.4	1	747	3.8	-73.991669	40.751255	-73.951172	40.785919
DC1BD2B0B0BE3A6513F54B8138FD9F6A	000B8D660A329BBDBF888500E4BD8B98	2013-01-20 23:22:06	2013-01-20 23:27:24	CSH	6.0	0.5	0.5	0.0	0.0	7.0	1	317	0.9	-73.98922	40.718987	-74.004265	40.723965
DC1BD2B0B0BE3A6513F54B8138FD9F6A	000B8D660A329BBDBF888500E4BD8B98	2013-01-21 00:18:28	2013-01-21 00:36:57	CRD	28.0	0.5	0.5	2.0	0.0	31.0	2	1109	9.6	-74.005302	40.720421	-74.024719	40.630684
DC1BD2B0B0BE3A6513F54B8138FD9F6A	000B8D660A329BBDBF888500E4BD8B98	2013-01-21 04:18:11	2013-01-21 04:33:42	CRD	15.5	0.5	0.5	1.0	0.0	17.5	1	931	3.6	-73.984932	40.763725	-73.951416	40.809883
DC1BD2B0B0BE3A6513F54B8138FD9F6A	000B8D660A329BBDBF888500E4BD8B98	2013-01-22 18:25:33	2013-01-22 18:33:46	CSH	8.0	1.0	0.5	0.0	0.0	9.5	1	492	1.7	-73.956154	40.784519	-73.935921	40.796162
DC1BD2B0B0BE3A6513F54B8138FD9F6A	000B8D660A329BBDBF888500E4BD8B98	2013-01-22 20:28:02	2013-01-22 20:41:58	CRD	12.5	0.5	0.5	2.7	0.0	16.2	2	835	3.0	-73.985298	40.74691	-73.95742	40.779911
DC1BD2B0B0BE3A6513F54B8138FD9F6A	000B8D660A329BBDBF888500E4BD8B98	2013-01-22 22:58:14	2013-01-22 23:05:18	CSH	8.0	0.5	0.5	0.0	0.0	9.0	2	423	1.6	-74.003418	40.726997	-73.979805	40.717834
DC1BD2B0B0BE3A6513F54B8138FD9F6A	000B8D660A329BBDBF888500E4BD8B98	2013-01-23 02:30:25	2013-01-23 02:35:31	CSH	8.0	0.5	0.5	0.0	0.0	9.0	1	306	2.3	-73.991516	40.755424	-73.963295	40.766254
DC1BD2B0B0BE3A6513F54B8138FD9F6A	000B8D660A329BBDBF888500E4BD8B98	2013-01-23 20:18:03	2013-01-23 20:21:23	CRD	4.5	0.5	0.5	1.1	0.0	6.6	1	200	0.6	-73.97551	40.750607	-73.981247	40.746262
DC1BD2B0B0BE3A6513F54B8138FD9F6A	000B8D660A329BBDBF888500E4BD8B98	2013-01-23 21:13:05	2013-01-23 21:20:46	CRD	8.0	0.5	0.5	1.8	0.0	10.8	1	460	1.8	-73.968246	40.758949	-73.9879	40.74427
EEC9C6596BD11B4F213367BEF164ED40	000B8D660A329BBDBF888500E4BD8B98	2013-01-27 22:03:41	2013-01-27 22:17:03	CRD	14.5	0.5	0.5	2.0	0.0	17.5	1	801	4.0	-73.992058	40.748768	-74.016411	40.711224
EEC9C6596BD11B4F213367BEF164ED40	000B8D660A329BBDBF888500E4BD8B98	2013-01-28 00:10:14	2013-01-28 00:18:28	CSH	9.0	0.5	0.5	0.0	0.0	10.0	1	494	2.1	-73.922112	40.760422	-73.886139	40.759216
DC1BD2B0B0BE3A6513F54B8138FD9F6A	000B8D660A329BBDBF888500E4BD8B98	2013-01-28 19:36:12	2013-01-28 19:45:42	CRD	8.5	1.0	0.5	1.0	0.0	11.0	1	569	1.9	-73.985832	40.746689	-73.985779	40.726822
DC1BD2B0B0BE3A6513F54B8138FD9F6A	000B8D660A329BBDBF888500E4BD8B98	2013-01-28 20:05:02	2013-01-28 20:16:10	CSH	11.0	0.5	0.5	0.0	0.0	12.0	1	667	2.9	-74.000641	40.725777	-73.98037	40.761055
DC1BD2B0B0BE3A6513F54B8138FD9F6A	000B8D660A329BBDBF888500E4BD8B98	2013-01-28 22:04:09	2013-01-28 22:14:25	CRD	11.5	0.5	0.5	2.5	0.0	15.0	1	616	3.2	-73.991859	40.726265	-73.976974	40.76429
DC1BD2B0B0BE3A6513F54B8138FD9F6A	000B8D660A329BBDBF888500E4BD8B98	2013-01-28 22:31:04	2013-01-28 22:41:53	CSH	10.5	0.5	0.5	0.0	0.0	11.5	1	649	2.3	-73.987267	40.755596	-73.989349	40.730476
DC1BD2B0B0BE3A6513F54B8138FD9F6A	000B8D660A329BBDBF888500E4BD8B98	2013-01-29 00:27:11	2013-01-29 00:34:11	CSH	6.5	0.5	0.5	0.0	0.0	7.5	2	419	0.9	-73.990494	40.756359	-73.982765	40.750687
DC1BD2B0B0BE3A6513F54B8138FD9F6A	000B8D660A329BBDBF888500E4BD8B98	2013-01-29 03:49:03	2013-01-29 04:07:14	CSH	20.5	0.5	0.5	0.0	0.0	21.5	1	1091	6.6	-74.005486	40.740688	-73.935059	40.768269
FBDBBAD55B7248472EDA95AB724A6979	000B8D660A329BBDBF888500E4BD8B98	2013-01-30 18:43:43	2013-01-30 19:01:05	CSH	13.0	1.0	0.5	0.0	0.0	14.5	1	1041	2.3	-73.97374	40.751358	-73.955849	40.781517
FBDBBAD55B7248472EDA95AB724A6979	000B8D660A329BBDBF888500E4BD8B98	2013-01-30 23:49:53	2013-01-30 23:59:22	CRD	8.0	0.5	0.5	11.0	0.0	20.0	1	568	1.8	-73.988106	40.745846	-73.994888	40.724682
FBDBBAD55B7248472EDA95AB724A6979	000B8D660A329BBDBF888500E4BD8B98	2013-01-31 00:21:34	2013-01-31 00:34:57	CRD	12.0	0.5	0.5	2.6	0.0	15.6	1	802	2.4	-73.985283	40.747501	-73.959625	40.770832
FBDBBAD55B7248472EDA95AB724A6979	000B8D660A329BBDBF888500E4BD8B98	2013-01-31 01:07:11	2013-01-31 01:11:48	CSH	5.5	0.5	0.5	0.0	0.0	6.5	1	277	1.0	-73.976929	40.75182	-73.991501	40.74992
FBDBBAD55B7248472EDA95AB724A6979	000B8D660A329BBDBF888500E4BD8B98	2013-01-31 01:26:24	2013-01-31 01:29:28	CSH	4.0	0.5	0.5	0.0	0.0	5.0	1	183	0.3	-74.002151	40.740299	-74.004036	40.742157
FBDBBAD55B7248472EDA95AB724A6979	000B8D660A329BBDBF888500E4BD8B98	2013-01-31 03:31:10	2013-01-31 03:38:00	CRD	9.0	0.5	0.5	2.0	0.0	12.0	1	410	2.4	-74.009438	40.738255	-73.984451	40.764584
5BD01248C41330B7CBE188BCB7808710	000B8D660A329BBDBF888500E4BD8B98	2013-01-31 20:54:39	2013-01-31 21:02:11	CRD	7.5	0.5	0.5	1.7	0.0	10.2	1	451	1.4	-73.977928	40.749107	-73.98822	40.732826
5BD01248C41330B7CBE188BCB7808710	000B8D660A329BBDBF888500E4BD8B98	2013-01-31 21:04:42	2013-01-31 21:17:30	CRD	10.5	0.5	0.5	2.3	0.0	13.8	1	768	1.8	-73.992111	40.73457	-73.977173	40.752014
5BD01248C41330B7CBE188BCB7808710	000B8D660A329BBDBF888500E4BD8B98	2013-01-31 21:18:38	2013-01-31 21:35:51	CRD	16.5	0.5	0.5	3.5	0.0	21.0	1	1032	4.7	-73.977539	40.752254	-73.940025	40.810425
B63BED223EDC8F38B9E81D0EAEE873BD	000C15EFBDF58CAED528C09E597484EC	2013-01-02 16:07:46	2013-01-02 16:13:42	CSH	6.0	1.0	0.5	0.0	0.0	7.5	1	355	1.0	-73.964172	40.761314	-73.96508	40.772259
B63BED223EDC8F38B9E81D0EAEE873BD	000C15EFBDF58CAED528C09E597484EC	2013-01-02 16:20:50	2013-01-02 16:26:43	CSH	7.0	1.0	0.5	0.0	0.0	8.5	1	352	1.3	-73.963966	40.767971	-73.956566	40.781712
B63BED223EDC8F38B9E81D0EAEE873BD	000C15EFBDF58CAED528C09E597484EC	2013-01-02 16:34:28	2013-01-02 16:55:07	CRD	17.5	1.0	0.5	3.8	0.0	22.8	1	1238	4.4	-73.949203	40.773308	-73.997551	40.733681
B63BED223EDC8F38B9E81D0EAEE873BD	000C15EFBDF58CAED528C09E597484EC	2013-01-02 20:18:17	2013-01-02 20:21:52	CSH	4.5	0.5	0.5	0.0	0.0	5.5	1	215	0.5	-73.984711	40.768364	-73.975227	40.765186
7203540A03C6B2F28F6C9F1E74AAF19C	000C15EFBDF58CAED528C09E597484EC	2013-01-03 20:18:03	2013-01-03 20:30:26	CRD	13.5	0.5	0.5	2.0	0.0	16.5	1	743	3.5	-73.978699	40.755959	-73.983185	40.71891
7203540A03C6B2F28F6C9F1E74AAF19C	000C15EFBDF58CAED528C09E597484EC	2013-01-03 20:58:27	2013-01-03 21:02:24	CSH	5.0	0.5	0.5	0.0	0.0	6.0	1	236	0.7	-73.960808	40.772312	-73.952766	40.778332
7203540A03C6B2F28F6C9F1E74AAF19C	000C15EFBDF58CAED528C09E597484EC	2013-01-03 21:03:51	2013-01-03 21:10:36	CSH	8.5	0.5	0.5	0.0	0.0	9.5	1	404	2.1	-73.953735	40.778919	-73.981903	40.776176
7203540A03C6B2F28F6C9F1E74AAF19C	000C15EFBDF58CAED528C09E597484EC	2013-01-03 23:30:07	2013-01-03 23:36:25	CSH	7.0	0.5	0.5	0.0	0.0	8.0	1	377	1.4	-74.002853	40.733978	-73.994896	40.750191
D91E77E10E60C878BDFBD731836FF336	000C15EFBDF58CAED528C09E597484EC	2013-01-04 18:28:08	2013-01-04 18:35:21	CSH	7.5	1.0	0.5	0.0	0.0	9.0	1	432	1.3	-73.959557	40.767605	-73.972549	40.75095
D91E77E10E60C878BDFBD731836FF336	000C15EFBDF58CAED528C09E597484EC	2013-01-04 21:04:55	2013-01-04 21:12:46	CRD	7.0	0.5	0.5	1.6	0.0	9.6	1	470	1.3	-74.003716	40.732609	-73.983986	40.727158
D91E77E10E60C878BDFBD731836FF336	000C15EFBDF58CAED528C09E597484EC	2013-01-04 22:04:36	2013-01-04 22:10:56	CRD	7.5	0.5	0.5	1.7	0.0	10.2	1	379	1.8	-73.985046	40.741966	-73.970345	40.763718
D91E77E10E60C878BDFBD731836FF336	000C15EFBDF58CAED528C09E597484EC	2013-01-05 03:40:19	2013-01-05 03:50:34	CRD	13.5	0.5	0.5	2.0	0.0	16.5	1	614	3.7	-73.988983	40.720688	-74.007034	40.706989
7203540A03C6B2F28F6C9F1E74AAF19C	000C15EFBDF58CAED528C09E597484EC	2013-01-05 17:38:37	2013-01-05 17:56:55	CRD	13.0	0.0	0.5	2.7	0.0	16.2	1	1097	2.5	-73.96685	40.769985	-73.98938	40.74192
7203540A03C6B2F28F6C9F1E74AAF19C	000C15EFBDF58CAED528C09E597484EC	2013-01-05 18:06:48	2013-01-05 18:12:03	CRD	6.0	0.0	0.5	1.6	0.0	8.1	2	315	1.2	-73.989769	40.748264	-73.988014	40.738369
7203540A03C6B2F28F6C9F1E74AAF19C	000C15EFBDF58CAED528C09E597484EC	2013-01-05 18:34:42	2013-01-05 18:52:48	CSH	12.5	0.0	0.5	0.0	0.0	13.0	1	1085	1.8	-73.972031	40.76263	-73.991707	40.750355
7203540A03C6B2F28F6C9F1E74AAF19C	000C15EFBDF58CAED528C09E597484EC	2013-01-05 19:36:08	2013-01-05 19:51:33	CSH	14.0	0.0	0.5	0.0	0.0	14.5	4	924	3.2	-73.959557	40.782902	-73.982872	40.742188
7203540A03C6B2F28F6C9F1E74AAF19C	000C15EFBDF58CAED528C09E597484EC	2013-01-05 20:47:42	2013-01-05 21:02:09	CSH	11.5	0.5	0.5	0.0	0.0	12.5	2	867	2.2	-73.991272	40.749786	-73.965485	40.756741
7203540A03C6B2F28F6C9F1E74AAF19C	000C15EFBDF58CAED528C09E597484EC	2013-01-05 21:44:51	2013-01-05 21:52:37	CRD	8.0	0.5	0.5	2.25	0.0	11.25	1	466	1.7	-73.97924	40.749577	-74.000626	40.739075
A290F5FA5507BA0910540B504B53DF67	000C15EFBDF58CAED528C09E597484EC	2013-01-07 16:49:59	2013-01-07 16:54:10	CSH	5.5	1.0	0.5	0.0	0.0	7.0	1	251	1.0	-73.970421	40.764187	-73.981544	40.752987
A290F5FA5507BA0910540B504B53DF67	000C15EFBDF58CAED528C09E597484EC	2013-01-07 17:10:55	2013-01-07 17:18:19	CSH	7.5	1.0	0.5	0.0	0.0	9.0	1	443	1.4	-73.998085	40.723812	-74.002701	40.733425
A290F5FA5507BA0910540B504B53DF67	000C15EFBDF58CAED528C09E597484EC	2013-01-07 17:38:14	2013-01-07 17:46:24	CSH	8.0	1.0	0.5	0.0	0.0	9.5	2	489	1.5	-74.008881	40.718304	-73.992996	40.726135
A290F5FA5507BA0910540B504B53DF67	000C15EFBDF58CAED528C09E597484EC	2013-01-07 18:42:07	2013-01-07 18:49:22	CRD	6.5	1.0	0.5	1.6	0.0	9.6	1	434	0.7	-73.984779	40.751236	-73.991714	40.755569
A290F5FA5507BA0910540B504B53DF67	000C15EFBDF58CAED528C09E597484EC	2013-01-07 20:14:34	2013-01-07 20:34:25	CSH	18.5	0.5	0.5	0.0	0.0	19.5	3	1191	5.2	-73.956741	40.782909	-74.006386	40.739635
A290F5FA5507BA0910540B504B53DF67	000C15EFBDF58CAED528C09E597484EC	2013-01-08 01:21:41	2013-01-08 01:41:02	CRD	41.0	0.5	0.5	8.4	0.0	50.4	1	1161	15.3	-73.790314	40.647041	-73.950897	40.713955
5462F3902AEFC947E90D6EB770EF6278	000C15EFBDF58CAED528C09E597484EC	2013-01-08 17:38:55	2013-01-08 17:48:37	CSH	9.0	1.0	0.5	0.0	0.0	10.5	1	581	1.6	-73.994545	40.731663	-73.979843	40.748909
5462F3902AEFC947E90D6EB770EF6278	000C15EFBDF58CAED528C09E597484EC	2013-01-08 18:25:49	2013-01-08 18:35:57	CRD	10.0	1.0	0.5	1.0	0.0	12.5	1	608	2.3	-73.978607	40.761356	-73.955246	40.785835
5462F3902AEFC947E90D6EB770EF6278	000C15EFBDF58CAED528C09E597484EC	2013-01-08 19:09:49	2013-01-08 19:15:47	CRD	6.5	1.0	0.5	1.6	0.0	9.6	1	357	1.1	-73.965744	40.791306	-73.976646	40.786518
5462F3902AEFC947E90D6EB770EF6278	000C15EFBDF58CAED528C09E597484EC	2013-01-08 20:00:52	2013-01-08 20:08:20	CSH	9.5	0.5	0.5	0.0	0.0	10.5	1	447	2.2	-73.975456	40.763031	-73.952805	40.78688
5462F3902AEFC947E90D6EB770EF6278	000C15EFBDF58CAED528C09E597484EC	2013-01-08 21:42:32	2013-01-08 21:51:37	CRD	10.0	0.5	0.5	2.2	0.0	13.2	3	545	2.6	-73.988403	40.725063	-73.96936	40.757427
5462F3902AEFC947E90D6EB770EF6278	000C15EFBDF58CAED528C09E597484EC	2013-01-08 22:33:48	2013-01-08 22:56:45	CRD	44.0	0.5	0.5	11.25	0.0	56.25	1	1376	16.5	-74.009254	40.710831	-73.898033	40.892136
5462F3902AEFC947E90D6EB770EF6278	000C15EFBDF58CAED528C09E597484EC	2013-01-08 23:17:40	2013-01-08 23:20:02	CRD	4.0	0.5	0.5	1.0	0.0	6.0	1	142	0.5	-73.95575	40.772591	-73.953743	40.767296
5462F3902AEFC947E90D6EB770EF6278	000C15EFBDF58CAED528C09E597484EC	2013-01-09 02:59:35	2013-01-09 03:07:58	CSH	13.0	0.5	0.5	0.0	0.0	14.0	1	502	3.8	-73.988579	40.720142	-73.954079	40.730286
0318F7BBB8FF48688698F04016E67F49	000C15EFBDF58CAED528C09E597484EC	2013-01-09 17:03:21	2013-01-09 17:08:21	CSH	5.5	1.0	0.5	0.0	0.0	7.0	1	300	0.7	-73.968338	40.763206	-73.977875	40.763088
0318F7BBB8FF48688698F04016E67F49	000C15EFBDF58CAED528C09E597484EC	2013-01-09 19:02:14	2013-01-09 19:09:33	CRD	7.0	1.0	0.5	1.5	0.0	10.0	1	439	1.3	-73.953148	40.765068	-73.953728	40.779327
0318F7BBB8FF48688698F04016E67F49	000C15EFBDF58CAED528C09E597484EC	2013-01-09 19:25:41	2013-01-09 19:32:31	CRD	7.0	1.0	0.5	1.0	0.0	9.5	1	410	1.2	-73.966866	40.767284	-73.966599	40.754021
0318F7BBB8FF48688698F04016E67F49	000C15EFBDF58CAED528C09E597484EC	2013-01-09 21:29:05	2013-01-09 21:34:33	CSH	5.5	0.5	0.5	0.0	0.0	6.5	1	328	0.8	-73.987999	40.719982	-73.998192	40.724354
0318F7BBB8FF48688698F04016E67F49	000C15EFBDF58CAED528C09E597484EC	2013-01-09 22:01:34	2013-01-09 22:13:47	CRD	11.5	0.5	0.5	2.5	0.0	15.0	1	732	2.9	-74.01252	40.716236	-73.98597	40.744091
0318F7BBB8FF48688698F04016E67F49	000C15EFBDF58CAED528C09E597484EC	2013-01-10 00:37:28	2013-01-10 00:44:05	CRD	8.0	0.5	0.5	1.0	0.0	10.0	2	396	1.9	-74.000374	40.730186	-74.006378	40.708015
43CD1EDCE37E7CDB896932412C979825	000C15EFBDF58CAED528C09E597484EC	2013-01-10 17:09:15	2013-01-10 17:13:44	CSH	5.0	1.0	0.5	0.0	0.0	6.5	1	268	0.3	-73.967567	40.762737	-73.973358	40.763817
43CD1EDCE37E7CDB896932412C979825	000C15EFBDF58CAED528C09E597484EC	2013-01-11 01:11:37	2013-01-11 01:30:37	CRD	30.5	0.5	0.5	6.3	0.0	37.8	1	1140	10.8	-74.002151	40.730427	-74.026306	40.621635
8D98CFE4D72CDF4735D3D7EF3362D74B	000C15EFBDF58CAED528C09E597484EC	2013-01-11 20:14:06	2013-01-11 20:30:07	CRD	14.5	0.5	0.5	3.1	0.0	18.6	1	960	3.7	-73.980232	40.785519	-74.005753	40.740513
8D98CFE4D72CDF4735D3D7EF3362D74B	000C15EFBDF58CAED528C09E597484EC	2013-01-11 21:47:04	2013-01-11 22:01:28	CRD	15.0	0.5	0.5	4.16	4.8	24.96	2	863	3.8	-74.013229	40.706886	-73.990883	40.671349
8D98CFE4D72CDF4735D3D7EF3362D74B	000C15EFBDF58CAED528C09E597484EC	2013-01-11 22:09:58	2013-01-11 22:33:37	CRD	20.0	0.5	0.5	3.0	0.0	24.0	4	1418	4.9	-73.975128	40.683491	-73.965942	40.712948
8D98CFE4D72CDF4735D3D7EF3362D74B	000C15EFBDF58CAED528C09E597484EC	2013-01-12 02:07:22	2013-01-12 02:17:19	CSH	8.5	0.5	0.5	0.0	0.0	9.5	1	597	1.5	-74.006432	40.739414	-73.99192	40.727154
8D98CFE4D72CDF4735D3D7EF3362D74B	000C15EFBDF58CAED528C09E597484EC	2013-01-12 03:24:04	2013-01-12 03:32:32	CRD	10.0	0.5	0.5	2.2	0.0	13.2	1	507	2.4	-73.9907	40.761166	-73.960922	40.764271
8D98CFE4D72CDF4735D3D7EF3362D74B	000C15EFBDF58CAED528C09E597484EC	2013-01-12 17:40:06	2013-01-12 17:49:02	CSH	8.5	0.0	0.5	0.0	0.0	9.0	2	535	1.9	-73.983055	40.747814	-73.964333	40.764832
8D98CFE4D72CDF4735D3D7EF3362D74B	000C15EFBDF58CAED528C09E597484EC	2013-01-12 18:08:51	2013-01-12 18:14:51	CSH	6.0	0.0	0.5	0.0	0.0	6.5	1	360	0.9	-73.989891	40.757492	-73.976875	40.752857
8D98CFE4D72CDF4735D3D7EF3362D74B	000C15EFBDF58CAED528C09E597484EC	2013-01-12 20:51:28	2013-01-12 21:12:28	CRD	42.0	0.5	0.5	11.95	4.8	59.75	1	1260	15.5	-73.865738	40.770588	-74.00914	40.703526
8D98CFE4D72CDF4735D3D7EF3362D74B	000C15EFBDF58CAED528C09E597484EC	2013-01-12 22:28:59	2013-01-12 22:53:21	CSH	15.5	0.5	0.5	0.0	0.0	16.5	1	1461	2.2	-73.987656	40.722565	-74.007637	40.732941
8D98CFE4D72CDF4735D3D7EF3362D74B	000C15EFBDF58CAED528C09E597484EC	2013-01-13 00:41:32	2013-01-13 00:55:24	CRD	16.0	0.5	0.5	3.0	0.0	20.0	1	832	5.0	-73.985199	40.759174	-73.92527	40.768707
8D98CFE4D72CDF4735D3D7EF3362D74B	000C15EFBDF58CAED528C09E597484EC	2013-01-13 02:04:39	2013-01-13 02:09:59	CSH	6.5	0.5	0.5	0.0	0.0	7.5	2	319	1.3	-73.929649	40.756855	-73.911247	40.755318
4930F7CB01AB0B737123E3A7027903B7	000C15EFBDF58CAED528C09E597484EC	2013-01-15 18:53:10	2013-01-15 19:27:34	CRD	33.5	1.0	0.5	0.0	0.0	35.0	1	2064	10.0	-73.95401	40.778862	-73.864601	40.872875
4930F7CB01AB0B737123E3A7027903B7	000C15EFBDF58CAED528C09E597484EC	2013-01-15 20:00:03	2013-01-15 20:03:12	CSH	5.5	0.5	0.5	0.0	0.0	6.5	1	189	1.1	-73.951324	40.791222	-73.938942	40.802528
4930F7CB01AB0B737123E3A7027903B7	000C15EFBDF58CAED528C09E597484EC	2013-01-15 21:45:10	2013-01-15 22:00:16	CRD	22.0	0.5	0.5	5.55	4.8	33.35	1	905	7.1	-73.986221	40.740414	-73.873306	40.728947
4930F7CB01AB0B737123E3A7027903B7	000C15EFBDF58CAED528C09E597484EC	2013-01-15 23:43:31	2013-01-16 00:00:47	CSH	29.5	0.5	0.5	0.0	4.8	35.3	1	1035	10.5	-73.862816	40.768635	-73.969337	40.76049
4930F7CB01AB0B737123E3A7027903B7	000C15EFBDF58CAED528C09E597484EC	2013-01-16 00:10:04	2013-01-16 00:12:58	CSH	4.0	0.5	0.5	0.0	0.0	5.0	1	173	0.5	-73.986092	40.758251	-73.993317	40.757504
4930F7CB01AB0B737123E3A7027903B7	000C15EFBDF58CAED528C09E597484EC	2013-01-16 00:33:36	2013-01-16 00:40:21	CSH	7.5	0.5	0.5	0.0	0.0	8.5	1	404	1.5	-73.921829	40.743767	-73.945206	40.751179
9827CDDA5D85B9C70A29ACE3824B644C	000C15EFBDF58CAED528C09E597484EC	2013-01-16 18:26:51	2013-01-16 18:51:47	CSH	18.0	1.0	0.5	0.0	0.0	19.5	1	1495	3.5	-73.963051	40.794075	-73.972496	40.755104
9827CDDA5D85B9C70A29ACE3824B644C	000C15EFBDF58CAED528C09E597484EC	2013-01-16 19:49:28	2013-01-16 20:01:59	CRD	10.5	1.0	0.5	2.4	0.0	14.4	1	750	2.4	-73.976006	40.759571	-73.986168	40.731976
9827CDDA5D85B9C70A29ACE3824B644C	000C15EFBDF58CAED528C09E597484EC	2013-01-16 20:14:44	2013-01-16 20:22:04	CRD	6.5	0.5	0.5	1.5	0.0	9.0	1	439	0.8	-73.991737	40.74966	-73.982384	40.742214
3F0E768DAA2BC7BB4E7A017728B10750	000C15EFBDF58CAED528C09E597484EC	2013-01-17 18:43:16	2013-01-17 18:56:10	CSH	10.5	1.0	0.5	0.0	0.0	12.0	1	774	2.1	-73.993645	40.757099	-73.978249	40.734344
3F0E768DAA2BC7BB4E7A017728B10750	000C15EFBDF58CAED528C09E597484EC	2013-01-17 20:24:25	2013-01-17 20:35:11	CRD	9.0	0.5	0.5	2.0	0.0	12.0	1	645	1.7	-74.005592	40.750908	-73.979782	40.740784
3F0E768DAA2BC7BB4E7A017728B10750	000C15EFBDF58CAED528C09E597484EC	2013-01-17 21:13:38	2013-01-17 21:28:48	CSH	14.5	0.5	0.5	0.0	0.0	15.5	2	909	3.7	-74.001778	40.741226	-73.969269	40.787865
3F0E768DAA2BC7BB4E7A017728B10750	000C15EFBDF58CAED528C09E597484EC	2013-01-18 00:02:37	2013-01-18 00:08:52	CRD	6.5	0.5	0.5	1.5	0.0	9.0	1	375	1.0	-74.008293	40.720711	-73.999741	40.730873
3F0E768DAA2BC7BB4E7A017728B10750	000C15EFBDF58CAED528C09E597484EC	2013-01-18 01:52:07	2013-01-18 02:01:58	CRD	10.0	0.5	0.5	2.0	0.0	13.0	1	590	2.3	-73.987274	40.722019	-73.980293	40.744404
3F0E768DAA2BC7BB4E7A017728B10750	000C15EFBDF58CAED528C09E597484EC	2013-01-18 02:49:19	2013-01-18 02:56:09	CRD	8.0	0.5	0.5	2.25	0.0	11.25	1	410	1.8	-73.951225	40.774483	-73.974609	40.79015
3F0E768DAA2BC7BB4E7A017728B10750	000C15EFBDF58CAED528C09E597484EC	2013-01-18 04:21:56	2013-01-18 04:26:59	CSH	6.0	0.5	0.5	0.0	0.0	7.0	2	303	1.0	-73.988838	40.723057	-74.001137	40.729198
3F0E768DAA2BC7BB4E7A017728B10750	000C15EFBDF58CAED528C09E597484EC	2013-01-18 04:40:46	2013-01-18 04:51:45	CSH	15.5	0.5	0.5	0.0	0.0	16.5	2	658	4.9	-73.991135	40.75563	-73.929329	40.73774
F20D57AA7E06759B88A8F97182CAD8C7	000C15EFBDF58CAED528C09E597484EC	2013-01-18 18:40:55	2013-01-18 18:49:42	CSH	8.0	1.0	0.5	0.0	0.0	9.5	2	527	1.3	-73.970352	40.762451	-73.981911	40.772987
F20D57AA7E06759B88A8F97182CAD8C7	000C15EFBDF58CAED528C09E597484EC	2013-01-18 19:01:07	2013-01-18 19:37:28	CRD	34.5	1.0	0.5	7.0	0.0	43.0	2	2181	9.6	-73.976624	40.7635	-73.976425	40.682892
F20D57AA7E06759B88A8F97182CAD8C7	000C15EFBDF58CAED528C09E597484EC	2013-01-18 19:50:21	2013-01-18 20:06:59	CRD	12.5	1.0	0.5	2.0	0.0	16.0	1	997	2.0	-73.989601	40.720638	-74.001648	40.740936
F20D57AA7E06759B88A8F97182CAD8C7	000C15EFBDF58CAED528C09E597484EC	2013-01-18 21:49:57	2013-01-18 21:53:17	CSH	5.5	0.5	0.5	0.0	0.0	6.5	1	199	1.1	-73.980011	40.765484	-73.986565	40.776894
F20D57AA7E06759B88A8F97182CAD8C7	000C15EFBDF58CAED528C09E597484EC	2013-01-18 23:08:19	2013-01-18 23:20:33	CRD	11.0	0.5	0.5	2.4	0.0	14.4	2	734	2.7	-73.972488	40.756416	-74.002457	40.734371
F20D57AA7E06759B88A8F97182CAD8C7	000C15EFBDF58CAED528C09E597484EC	2013-01-19 01:04:28	2013-01-19 01:09:54	CRD	6.0	0.5	0.5	1.4	0.0	8.4	1	326	1.1	-73.988579	40.748428	-73.99144	40.757969
F20D57AA7E06759B88A8F97182CAD8C7	000C15EFBDF58CAED528C09E597484EC	2013-01-19 01:55:36	2013-01-19 02:00:25	CRD	6.0	0.5	0.5	1.4	0.0	8.4	1	289	1.3	-74.00341	40.751488	-73.995735	40.7645