3D7D4CFFF18E7696A12E55999D7A2FF3	2013-04-22 12:25:29	2013-04-22 12:35:40	2	610	0.8	-73.964699	40.755787	-73.969971	40.763809
3D7D4CFFF18E7696A12E55999D7A2FF3	2013-04-15 13:19:09	2013-04-15 13:21:02	1	113	0.2	-73.987846	40.749569	-73.984695	40.754215
3D7D4CFFF18E7696A12E55999D7A2FF3	2013-04-21 16:48:09	2013-04-21 17:02:31	1	862	1.8	-73.996605	40.731911	-74.01059	40.718769
3D7D4CFFF18E7696A12E55999D7A2FF3	2013-04-15 07:34:11	2013-04-15 07:50:08	1	956	3.2	-73.957413	40.774067	-73.996155	40.763943
3D7D4CFFF18E7696A12E55999D7A2FF3	2013-04-22 06:48:24	2013-04-22 06:58:47	1	622	3.3	-74.005295	40.720661	-73.975235	40.75819
3D7D4CFFF18E7696A12E55999D7A2FF3	2013-04-22 07:40:29	2013-04-22 07:58:51	3	1102	2.5	-73.955055	40.769268	-73.953476	40.788395
3D7D4CFFF18E7696A12E55999D7A2FF3	2013-04-22 10:06:07	2013-04-22 10:29:44	1	1416	8.2	-73.986176	40.722435	-73.944008	40.807232
3D7D4CFFF18E7696A12E55999D7A2FF3	2013-04-22 12:39:19	2013-04-22 12:44:14	2	294	0.5	-73.973785	40.763737	-73.969627	40.766132
3D7D4CFFF18E7696A12E55999D7A2FF3	2013-04-15 11:36:38	2013-04-15 11:44:38	1	480	1.2	-73.954651	40.783932	-73.962677	40.768745
3D7D4CFFF18E7696A12E55999D7A2FF3	2013-04-21 13:25:25	2013-04-21 13:52:26	2	1621	5.7	-73.952805	40.775833	-74.008072	40.739166
3D7D4CFFF18E7696A12E55999D7A2FF3	2013-04-21 12:37:05	2013-04-21 12:48:50	1	705	1.4	-73.974365	40.751701	-73.995285	40.759697
3D7D4CFFF18E7696A12E55999D7A2FF3	2013-04-21 14:30:26	2013-04-21 14:38:18	2	471	1.7	-73.974854	40.787506	-73.952118	40.784176
3D7D4CFFF18E7696A12E55999D7A2FF3	2013-04-15 06:30:45	2013-04-15 06:52:55	1	1330	11.6	-73.986038	40.767376	-73.86467	40.770283
3D7D4CFFF18E7696A12E55999D7A2FF3	2013-04-22 14:48:36	2013-04-22 15:01:19	1	763	2.5	-73.970291	40.764744	-73.994713	40.734325
3D7D4CFFF18E7696A12E55999D7A2FF3	2013-09-22 10:21:31	2013-09-22 10:26:52	3	320	1.1	-73.998108	40.740433	-73.988144	40.749786
3D7D4CFFF18E7696A12E55999D7A2FF3	2013-09-22 10:54:11	2013-09-22 11:04:52	2	640	1.9	-73.948166	40.782883	-73.969376	40.765991
3D7D4CFFF18E7696A12E55999D7A2FF3	2013-09-22 15:52:52	2013-09-22 15:52:52	3	0	0.0	-74.005264	40.740604	0.0	0.0
3D7D4CFFF18E7696A12E55999D7A2FF3	2013-09-20 11:14:22	2013-09-20 11:24:45	1	622	1.0	-73.976379	40.751789	-73.971237	40.7617
3D7D4CFFF18E7696A12E55999D7A2FF3	2013-09-20 05:37:53	2013-09-20 05:44:58	1	425	2.3	-73.999733	40.738579	-73.972603	40.751209
3D7D4CFFF18E7696A12E55999D7A2FF3	2013-09-17 10:29:28	2013-09-17 10:48:19	3	1131	3.1	-73.971436	40.797466	-73.973427	40.763474
3D7D4CFFF18E7696A12E55999D7A2FF3	2013-09-20 15:28:18	2013-09-20 15:30:50	1	151	0.8	-73.978317	40.783226	-73.9701	40.794415
3D7D4CFFF18E7696A12E55999D7A2FF3	2013-09-20 06:45:12	2013-09-20 06:48:38	1	206	0.7	-73.99025	40.756691	-73.980972	40.760067
3D7D4CFFF18E7696A12E55999D7A2FF3	2013-09-22 14:12:40	2013-09-22 14:38:32	2	1551	4.0	-74.009872	40.747536	-73.962036	40.757973
3D7D4CFFF18E7696A12E55999D7A2FF3	2013-09-19 11:25:31	2013-09-19 11:42:32	1	1020	1.6	-73.957726	40.768593	-73.980804	40.770138
3D7D4CFFF18E7696A12E55999D7A2FF3	2013-09-17 08:05:08	2013-09-17 08:11:48	1	400	0.9	-73.962425	40.767345	-73.97242	40.759403
3D7D4CFFF18E7696A12E55999D7A2FF3	2013-09-20 09:16:47	2013-09-20 09:25:01	1	493	1.3	-73.969666	40.763264	-73.956673	40.780785
3D7D4CFFF18E7696A12E55999D7A2FF3	2013-09-20 10:05:46	2013-09-20 10:12:31	1	405	0.7	-73.998894	40.73402	-73.996407	40.726955
3D7D4CFFF18E7696A12E55999D7A2FF3	2013-09-17 13:21:27	2013-09-17 13:30:06	1	519	0.6	-73.981514	40.758614	-73.98101	40.765778
3D7D4CFFF18E7696A12E55999D7A2FF3	2013-09-20 12:11:19	2013-09-20 12:32:17	1	1258	1.5	-73.975174	40.760658	-73.998177	40.761143
3D7D4CFFF18E7696A12E55999D7A2FF3	2013-09-20 05:27:46	2013-09-20 05:32:05	2	258	1.6	-74.000999	40.731522	-73.998268	40.750366
3D7D4CFFF18E7696A12E55999D7A2FF3	2013-09-18 16:48:55	2013-09-18 17:01:02	1	726	2.5	-73.972664	40.764671	-73.997581	40.736767
3D7D4CFFF18E7696A12E55999D7A2FF3	2013-09-22 16:28:17	2013-09-22 16:36:18	2	480	0.7	-73.984154	40.759777	-73.991127	40.750107
3D7D4CFFF18E7696A12E55999D7A2FF3	2013-09-22 13:15:31	2013-09-22 13:25:24	2	593	1.6	-73.969398	40.800396	-73.980972	40.780041
3D7D4CFFF18E7696A12E55999D7A2FF3	2013-09-22 16:38:01	2013-09-22 16:49:34	1	693	2.1	-73.992737	40.747898	-73.986076	40.728779
3D7D4CFFF18E7696A12E55999D7A2FF3	2013-09-21 12:29:46	2013-09-21 12:38:14	1	507	1.2	-73.962372	40.773174	-73.973679	40.757874
3D7D4CFFF18E7696A12E55999D7A2FF3	2013-09-20 08:51:35	2013-09-20 08:53:04	1	88	0.4	-73.960068	40.770378	-73.957695	40.776108
3D7D4CFFF18E7696A12E55999D7A2FF3	2013-09-21 08:47:59	2013-09-21 08:47:59	1	0	0.0	-73.9561	40.81897	0.0	0.0
3D7D4CFFF18E7696A12E55999D7A2FF3	2013-09-18 10:35:26	2013-09-18 10:57:09	1	1303	4.2	-74.004219	40.738213	-73.955872	40.764019
3D7D4CFFF18E7696A12E55999D7A2FF3	2013-09-18 09:48:28	2013-09-18 10:19:58	1	1890	5.3	-73.962975	40.778061	-74.008263	40.736195
3D7D4CFFF18E7696A12E55999D7A2FF3	2013-09-22 12:01:16	2013-09-22 12:05:06	1	229	1.4	-73.936501	40.820259	-73.933769	40.802727
3D7D4CFFF18E7696A12E55999D7A2FF3	2013-09-17 12:20:29	2013-09-17 12:55:26	2	2096	3.6	-73.959328	40.777428	-73.993256	40.736042
3D7D4CFFF18E7696A12E55999D7A2FF3	2013-09-22 12:41:59	2013-09-22 12:52:11	1	612	1.6	-73.988365	40.748974	-73.997887	40.765045
3D7D4CFFF18E7696A12E55999D7A2FF3	2013-09-20 06:20:14	2013-09-20 06:29:59	1	584	3.5	-73.953056	40.772575	-73.990685	40.740322
3D7D4CFFF18E7696A12E55999D7A2FF3	2013-09-21 11:22:43	2013-09-21 11:30:22	1	459	1.5	-73.951225	40.782715	-73.96936	40.790478
3D7D4CFFF18E7696A12E55999D7A2FF3	2013-09-20 14:14:20	2013-09-20 14:22:31	1	490	1.3	-73.972809	40.759464	-73.95871	40.774075
3D7D4CFFF18E7696A12E55999D7A2FF3	2013-09-19 06:36:40	2013-09-19 06:40:26	1	225	1.4	-73.964691	40.764755	-73.949364	40.776936
3D7D4CFFF18E7696A12E55999D7A2FF3	2013-09-19 06:27:49	2013-09-19 06:31:47	1	237	0.9	-73.988953	40.748936	-73.977646	40.755596
3D7D4CFFF18E7696A12E55999D7A2FF3	2013-09-18 08:01:10	2013-09-18 08:14:41	3	810	3.5	-73.993729	40.732765	-73.990585	40.693954
3D7D4CFFF18E7696A12E55999D7A2FF3	2013-09-19 11:04:08	2013-09-19 11:17:18	1	789	1.4	-73.980934	40.774448	-73.963173	40.762573
3D7D4CFFF18E7696A12E55999D7A2FF3	2013-09-18 09:43:18	2013-09-18 09:47:20	1	241	0.5	-73.953133	40.776047	-73.962128	40.778099
3D7D4CFFF18E7696A12E55999D7A2FF3	2013-09-19 06:50:06	2013-09-19 06:55:13	1	307	1.0	-73.958702	40.768906	-73.968918	40.762825
3D7D4CFFF18E7696A12E55999D7A2FF3	2013-09-19 06:44:25	2013-09-19 06:45:16	1	50	0.4	-73.951073	40.770496	-73.954948	40.765465
3D7D4CFFF18E7696A12E55999D7A2FF3	2013-09-21 11:13:32	2013-09-21 11:19:43	1	371	1.2	-73.951775	40.782196	-73.959343	40.771454
3D7D4CFFF18E7696A12E55999D7A2FF3	2013-09-21 11:42:10	2013-09-21 12:13:15	1	1864	2.1	-73.975014	40.792671	-73.945854	40.780556
3D7D4CFFF18E7696A12E55999D7A2FF3	2013-09-20 14:24:13	2013-09-20 14:35:07	1	654	1.5	-73.955521	40.776768	-73.977592	40.788879
3D7D4CFFF18E7696A12E55999D7A2FF3	2013-09-20 13:42:51	2013-09-20 13:48:13	2	322	0.7	-73.952492	40.786564	-73.955765	40.779675
3D7D4CFFF18E7696A12E55999D7A2FF3	2013-09-20 08:06:34	2013-09-20 08:16:22	2	588	1.2	-73.985085	40.747471	-74.00312	40.748871
3D7D4CFFF18E7696A12E55999D7A2FF3	2013-09-19 05:37:27	2013-09-19 05:43:17	1	349	0.7	-73.99205	40.742535	-73.979408	40.737431
3D7D4CFFF18E7696A12E55999D7A2FF3	2013-09-18 09:38:13	2013-09-18 09:41:44	1	210	0.7	-73.960609	40.769627	-73.9533	40.77684
3D7D4CFFF18E7696A12E55999D7A2FF3	2013-09-22 11:12:57	2013-09-22 11:16:45	1	227	0.5	-73.956924	40.783337	-73.94899	40.783432
3D7D4CFFF18E7696A12E55999D7A2FF3	2013-09-18 07:02:41	2013-09-18 07:24:46	1	1324	9.3	-73.949738	40.780392	-73.982117	40.690922
3D7D4CFFF18E7696A12E55999D7A2FF3	2013-09-22 16:20:46	2013-09-22 16:28:02	4	436	1.1	-73.989334	40.747551	-73.984138	40.759781
3D7D4CFFF18E7696A12E55999D7A2FF3	2013-09-20 11:47:02	2013-09-20 11:53:43	3	400	1.0	-73.952126	40.786385	-73.962311	40.773167
3D7D4CFFF18E7696A12E55999D7A2FF3	2013-09-17 12:16:39	2013-09-17 12:19:12	1	152	0.2	-73.963089	40.777905	-73.960007	40.776402
3D7D4CFFF18E7696A12E55999D7A2FF3	2013-09-20 15:49:19	2013-09-20 15:49:19	1	0	0.0	-73.980003	40.7672	0.0	0.0
3D7D4CFFF18E7696A12E55999D7A2FF3	2013-09-20 15:22:47	2013-09-20 15:26:13	1	205	0.4	-73.980591	40.78014	-73.982658	40.784161
3D7D4CFFF18E7696A12E55999D7A2FF3	2013-09-21 10:15:27	2013-09-21 10:18:21	2	174	0.3	-73.956902	40.774876	-73.953911	40.779243
3D7D4CFFF18E7696A12E55999D7A2FF3	2013-09-20 13:51:55	2013-09-20 14:07:25	2	929	3.3	-73.953026	40.780354	-73.972115	40.755787
3D7D4CFFF18E7696A12E55999D7A2FF3	2013-09-17 11:59:56	2013-09-17 12:11:46	1	709	1.9	-73.957283	40.765732	-73.970238	40.783989
3D7D4CFFF18E7696A12E55999D7A2FF3	2013-09-17 08:18:19	2013-09-17 08:23:36	1	316	0.7	-73.965012	40.765038	-73.955391	40.765747
3D7D4CFFF18E7696A12E55999D7A2FF3	2013-09-17 10:51:10	2013-09-17 11:03:31	4	740	1.0	-73.972664	40.762371	-73.979652	40.749458
3D7D4CFFF18E7696A12E55999D7A2FF3	2013-09-20 08:18:46	2013-09-20 08:26:03	1	436	1.0	-73.999809	40.748394	-73.983353	40.744019
3D7D4CFFF18E7696A12E55999D7A2FF3	2013-09-20 12:53:32	2013-09-20 12:53:32	1	0	0.0	-73.967957	40.760078	0.0	0.0
3D7D4CFFF18E7696A12E55999D7A2FF3	2013-09-22 10:27:34	2013-09-22 10:31:12	1	218	1.1	-73.98806	40.74995	-73.974876	40.759312
3D7D4CFFF18E7696A12E55999D7A2FF3	2013-04-26 15:01:29	2013-04-26 15:11:55	2	626	2.0	-73.97538	40.760395	-74.000511	40.747677
3D7D4CFFF18E7696A12E55999D7A2FF3	2013-04-18 15:38:56	2013-04-18 15:54:38	1	942	1.6	-73.991837	40.738342	-73.976616	40.747456
3D7D4CFFF18E7696A12E55999D7A2FF3	2013-04-21 12:23:48	2013-04-21 12:28:32	2	283	0.9	-73.998703	40.745205	-73.98661	40.747597
3D7D4CFFF18E7696A12E55999D7A2FF3	2013-04-26 06:50:12	2013-04-26 06:54:31	1	259	1.2	-73.95639	40.771404	-73.952812	40.78344
3D7D4CFFF18E7696A12E55999D7A2FF3	2013-04-21 10:30:52	2013-04-21 10:45:25	2	872	3.6	-73.952644	40.786694	-73.991348	40.749439
3D7D4CFFF18E7696A12E55999D7A2FF3	2013-04-26 14:11:58	2013-04-26 14:15:35	1	217	0.4	-73.954201	40.787434	-73.952034	40.784317
3D7D4CFFF18E7696A12E55999D7A2FF3	2013-04-21 11:15:09	2013-04-21 11:22:06	1	417	1.5	-73.961578	40.7799	-73.981262	40.778378
3D7D4CFFF18E7696A12E55999D7A2FF3	2013-04-21 14:18:15	2013-04-21 14:22:20	1	244	1.2	-73.982353	40.773731	-73.975716	40.789246
3D7D4CFFF18E7696A12E55999D7A2FF3	2013-04-26 10:36:39	2013-04-26 10:57:36	1	1257	1.5	-73.961395	40.771767	-73.975365	40.750793
3D7D4CFFF18E7696A12E55999D7A2FF3	2013-04-25 08:41:20	2013-04-25 08:53:53	1	753	1.6	-73.96183	40.77689	-73.970329	40.757034
3D7D4CFFF18E7696A12E55999D7A2FF3	2013-04-21 09:02:05	2013-04-21 09:14:08	1	723	3.1	-73.952049	40.786339	-73.983597	40.773582
3D7D4CFFF18E7696A12E55999D7A2FF3	2013-04-25 08:56:00	2013-04-25 09:01:42	1	341	0.6	-73.969452	40.757923	-73.970215	40.764576
3D7D4CFFF18E7696A12E55999D7A2FF3	2013-04-26 09:30:24	2013-04-26 09:51:03	1	1239	2.5	-73.959549	40.782742	-73.98288	40.750576
3D7D4CFFF18E7696A12E55999D7A2FF3	2013-04-26 14:22:37	2013-04-26 14:27:25	3	287	0.8	-73.953308	40.788467	-73.951591	40.779335
3D7D4CFFF18E7696A12E55999D7A2FF3	2013-04-15 08:07:08	2013-04-15 08:12:24	1	315	1.2	-73.99807	40.751095	-73.994453	40.738029
3D7D4CFFF18E7696A12E55999D7A2FF3	2013-04-16 12:07:53	2013-04-16 12:23:45	1	951	0.8	-73.989738	40.747196	-73.984428	40.75663
3D7D4CFFF18E7696A12E55999D7A2FF3	2013-04-25 06:54:18	2013-04-25 07:00:19	1	361	2.6	-73.955193	40.780022	-73.983543	40.755695
3D7D4CFFF18E7696A12E55999D7A2FF3	2013-04-21 14:51:29	2013-04-21 14:54:29	2	179	1.0	-73.968758	40.76709	-73.958839	40.781017
3D7D4CFFF18E7696A12E55999D7A2FF3	2013-04-19 08:03:11	2013-04-19 08:30:25	1	1634	4.9	-73.950279	40.78381	-73.989906	40.741734
3D7D4CFFF18E7696A12E55999D7A2FF3	2013-04-26 13:53:54	2013-04-26 13:58:19	1	265	1.2	-73.959015	40.763664	-73.947067	40.779331
3D7D4CFFF18E7696A12E55999D7A2FF3	2013-04-27 10:11:30	2013-04-27 10:18:22	1	411	1.9	-73.974007	40.743214	-73.960396	40.767147
3D7D4CFFF18E7696A12E55999D7A2FF3	2013-04-25 05:49:52	2013-04-25 05:55:38	1	346	2.3	-73.992798	40.737122	-73.969559	40.757473
3D7D4CFFF18E7696A12E55999D7A2FF3	2013-04-25 07:24:23	2013-04-25 07:27:11	1	167	0.6	-73.976883	40.756035	-73.979919	40.762177
3D7D4CFFF18E7696A12E55999D7A2FF3	2013-04-23 15:34:44	2013-04-23 15:39:07	3	262	0.5	-74.000664	40.742371	-73.994179	40.745865
3D7D4CFFF18E7696A12E55999D7A2FF3	2013-04-24 07:21:33	2013-04-24 07:31:00	1	567	2.3	-73.966042	40.765411	-73.989288	40.741219
3D7D4CFFF18E7696A12E55999D7A2FF3	2013-04-24 14:17:59	2013-04-24 14:28:42	1	642	1.4	-73.966202	40.7897	-73.960938	40.775036
3D7D4CFFF18E7696A12E55999D7A2FF3	2013-04-27 13:56:01	2013-04-27 14:07:00	2	658	2.0	-73.976357	40.76606	-73.973221	40.786846
3D7D4CFFF18E7696A12E55999D7A2FF3	2013-04-24 11:45:53	2013-04-24 11:52:45	1	412	1.2	-73.967735	40.766071	-73.956284	40.781536
3D7D4CFFF18E7696A12E55999D7A2FF3	2013-04-25 09:55:38	2013-04-25 10:02:48	1	430	0.6	-73.989899	40.756531	-73.980698	40.755253
3D7D4CFFF18E7696A12E55999D7A2FF3	2013-04-20 13:00:24	2013-04-20 13:10:53	2	628	2.0	-73.964851	40.761543	-73.989098	40.777733
3D7D4CFFF18E7696A12E55999D7A2FF3	2013-04-24 13:24:47	2013-04-24 13:28:09	1	201	0.4	-73.982414	40.775211	-73.981628	40.781189
3D7D4CFFF18E7696A12E55999D7A2FF3	2013-04-25 05:57:28	2013-04-25 06:01:35	1	246	0.5	-73.971016	40.757759	-73.970573	40.753418
3D7D4CFFF18E7696A12E55999D7A2FF3	2013-04-25 10:42:45	2013-04-25 10:57:53	1	908	3.0	-73.989243	40.776711	-74.005302	40.74017
3D7D4CFFF18E7696A12E55999D7A2FF3	2013-04-19 08:31:37	2013-04-19 08:38:12	1	395	1.0	-73.992256	40.742699	-74.002686	40.739872
3D7D4CFFF18E7696A12E55999D7A2FF3	2013-04-27 13:42:20	2013-04-27 13:54:22	2	721	2.2	-73.982613	40.739735	-73.976059	40.765827
3D7D4CFFF18E7696A12E55999D7A2FF3	2013-04-17 08:51:01	2013-04-17 08:56:45	1	344	0.6	-73.987206	40.755901	-73.982948	40.749249
3D7D4CFFF18E7696A12E55999D7A2FF3	2013-04-21 14:55:02	2013-04-21 15:01:54	1	411	2.0	-73.958832	40.780949	-73.955185	40.803497
3D7D4CFFF18E7696A12E55999D7A2FF3	2013-04-25 12:04:34	2013-04-25 12:14:36	1	601	2.2	-73.960945	40.769909	-73.991264	40.765221
3D7D4CFFF18E7696A12E55999D7A2FF3	2013-04-24 15:58:27	2013-04-24 16:07:47	1	559	1.1	-73.983444	40.761917	-73.968483	40.762886
3D7D4CFFF18E7696A12E55999D7A2FF3	2013-04-20 10:26:10	2013-04-20 10:35:28	1	558	2.5	-73.959305	40.7715	-73.984985	40.747456
3D7D4CFFF18E7696A12E55999D7A2FF3	2013-04-26 10:58:29	2013-04-26 11:10:35	1	726	1.8	-73.97554	40.750484	-73.954231	40.766685
3D7D4CFFF18E7696A12E55999D7A2FF3	2013-04-26 13:45:06	2013-04-26 13:51:14	1	368	0.9	-73.972672	40.75341	-73.961624	40.759235
3D7D4CFFF18E7696A12E55999D7A2FF3	2013-04-25 06:31:50	2013-04-25 06:40:48	1	537	1.6	-73.989861	40.756504	-73.96714	40.757278
3D7D4CFFF18E7696A12E55999D7A2FF3	2013-04-19 11:05:44	2013-04-19 11:14:03	1	499	0.4	-74.00145	40.741112	-74.008133	40.745132
3D7D4CFFF18E7696A12E55999D7A2FF3	2013-04-17 05:50:54	2013-04-17 05:53:50	1	176	1.1	-73.991776	40.7449	-73.978233	40.75309
3D7D4CFFF18E7696A12E55999D7A2FF3	2013-04-24 06:56:55	2013-04-24 07:01:30	1	275	1.0	-73.989738	40.756561	-73.97567	40.758415
3D7D4CFFF18E7696A12E55999D7A2FF3	2013-04-25 09:22:40	2013-04-25 09:29:21	2	400	1.1	-73.96946	40.785004	-73.95993	40.776627
3D7D4CFFF18E7696A12E55999D7A2FF3	2013-04-24 16:25:18	2013-04-24 16:50:46	4	1527	3.9	-73.984108	40.770252	-73.998108	40.724133
3D7D4CFFF18E7696A12E55999D7A2FF3	2013-04-26 07:43:27	2013-04-26 07:51:34	3	487	1.5	-73.96344	40.766136	-73.956345	40.784302
3D7D4CFFF18E7696A12E55999D7A2FF3	2013-04-26 14:47:11	2013-04-26 15:01:06	1	834	2.4	-73.950531	40.78743	-73.974586	40.760521
3D7D4CFFF18E7696A12E55999D7A2FF3	2013-04-25 07:50:30	2013-04-25 07:55:25	3	294	0.9	-73.947678	40.783691	-73.951393	40.772743
3D7D4CFFF18E7696A12E55999D7A2FF3	2013-04-24 11:57:42	2013-04-24 12:06:28	1	526	0.9	-73.955582	40.779442	-73.96489	40.769611
3D7D4CFFF18E7696A12E55999D7A2FF3	2013-04-27 11:43:26	2013-04-27 11:49:29	2	363	1.0	-73.950554	40.779575	-73.961281	40.76749
3D7D4CFFF18E7696A12E55999D7A2FF3	2013-04-26 06:58:27	2013-04-26 07:05:37	1	430	2.1	-73.964966	40.766678	-73.985619	40.741535
3D7D4CFFF18E7696A12E55999D7A2FF3	2013-04-26 14:06:08	2013-04-26 14:09:03	1	175	0.4	-73.953842	40.77898	-73.956825	40.782974
3D7D4CFFF18E7696A12E55999D7A2FF3	2013-04-26 13:04:19	2013-04-26 13:21:42	1	1043	2.3	-73.964127	40.767941	-73.990974	40.751347
3D7D4CFFF18E7696A12E55999D7A2FF3	2013-04-24 07:08:15	2013-04-24 07:13:50	1	334	1.0	-73.963936	40.765297	-73.975121	40.761017
3D7D4CFFF18E7696A12E55999D7A2FF3	2013-04-27 11:57:24	2013-04-27 11:59:59	1	154	0.2	-73.963745	40.765682	-73.966713	40.764339
3D7D4CFFF18E7696A12E55999D7A2FF3	2013-04-26 11:29:06	2013-04-26 11:42:17	1	790	3.6	-73.958984	40.780712	-73.973175	40.740253
3D7D4CFFF18E7696A12E55999D7A2FF3	2013-04-24 09:05:55	2013-04-24 09:27:25	1	1290	3.0	-73.959877	40.762798	-73.989822	40.741791
3D7D4CFFF18E7696A12E55999D7A2FF3	2013-04-25 10:32:54	2013-04-25 10:39:37	1	403	0.8	-73.981911	40.768661	-73.986343	40.776882
3D7D4CFFF18E7696A12E55999D7A2FF3	2013-04-24 10:30:03	2013-04-24 10:35:53	1	349	0.9	-73.983429	40.743908	-73.991417	40.731731
3D7D4CFFF18E7696A12E55999D7A2FF3	2013-04-26 07:15:48	2013-04-26 07:21:12	1	324	0.4	-73.990074	40.756405	-73.98362	40.756382
3D7D4CFFF18E7696A12E55999D7A2FF3	2013-04-23 14:29:10	2013-04-23 14:37:39	1	508	0.9	-73.980225	40.760124	-73.990105	40.751202
3D7D4CFFF18E7696A12E55999D7A2FF3	2013-04-24 14:32:33	2013-04-24 14:38:34	2	361	1.0	-73.956696	40.775032	-73.95504	40.786777
3D7D4CFFF18E7696A12E55999D7A2FF3	2013-04-27 11:50:06	2013-04-27 11:53:05	1	179	0.5	-73.961876	40.767574	-73.968079	40.762604
3D7D4CFFF18E7696A12E55999D7A2FF3	2013-04-24 14:42:05	2013-04-24 14:53:13	1	667	1.7	-73.960625	40.781101	-73.97197	40.759224
3D7D4CFFF18E7696A12E55999D7A2FF3	2013-04-19 06:47:33	2013-04-19 06:53:33	1	360	2.1	-73.95475	40.773384	-73.978813	40.755932
3D7D4CFFF18E7696A12E55999D7A2FF3	2013-04-27 13:08:57	2013-04-27 13:21:52	1	775	3.7	-73.952553	40.792282	-73.966774	40.753372
3D7D4CFFF18E7696A12E55999D7A2FF3	2013-04-24 10:51:22	2013-04-24 11:01:46	1	623	1.2	-73.971336	40.75523	-73.96476	40.769833
3D7D4CFFF18E7696A12E55999D7A2FF3	2013-04-26 10:07:56	2013-04-26 10:30:55	1	1378	3.0	-73.98967	40.756256	-73.960197	40.781288
3D7D4CFFF18E7696A12E55999D7A2FF3	2013-04-26 12:46:31	2013-04-26 12:48:36	2	125	0.6	-73.949791	40.784569	-73.943718	40.793064
3D7D4CFFF18E7696A12E55999D7A2FF3	2013-04-24 08:48:38	2013-04-24 09:01:01	1	742	1.2	-73.966599	40.770576	-73.959679	40.758842
3D7D4CFFF18E7696A12E55999D7A2FF3	2013-07-27 05:52:24	2013-07-27 05:55:42	1	197	0.5	-73.991478	40.733227	-73.997475	40.737103
3D7D4CFFF18E7696A12E55999D7A2FF3	2013-07-28 13:16:34	2013-07-28 13:56:06	1	2372	19.5	-73.972336	40.796658	-73.783302	40.643898
3D7D4CFFF18E7696A12E55999D7A2FF3	2013-07-23 10:09:03	2013-07-23 10:26:19	2	1036	1.9	-73.970055	40.764862	-73.970055	40.764862
3D7D4CFFF18E7696A12E55999D7A2FF3	2013-07-27 09:39:36	2013-07-27 09:55:34	1	957	3.9	-73.986801	40.775936	-73.996521	40.732258
3D7D4CFFF18E7696A12E55999D7A2FF3	2013-07-22 11:10:21	2013-07-22 11:16:05	1	343	0.9	-73.949341	40.790257	-73.949341	40.790257
3D7D4CFFF18E7696A12E55999D7A2FF3	2013-07-22 16:40:19	2013-07-22 16:45:56	2	336	1.1	-73.949341	40.790257	-73.949341	40.790257
3D7D4CFFF18E7696A12E55999D7A2FF3	2013-07-22 12:41:25	2013-07-22 12:49:23	1	478	1.2	-73.949341	40.790257	-73.949341	40.790257
3D7D4CFFF18E7696A12E55999D7A2FF3	2013-07-22 06:31:25	2013-07-22 06:31:50	1	24	0.0	-73.97818	40.741806	-73.97818	40.741806
3D7D4CFFF18E7696A12E55999D7A2FF3	2013-07-22 09:30:59	2013-07-22 09:58:05	3	1626	7.9	-73.949341	40.790257	-73.949341	40.790257
3D7D4CFFF18E7696A12E55999D7A2FF3	2013-07-23 14:37:17	2013-07-23 14:49:38	2	741	0.9	-73.984917	40.763554	-73.984917	40.763554
3D7D4CFFF18E7696A12E55999D7A2FF3	2013-07-22 11:55:54	2013-07-22 12:19:06	1	1391	3.9	-73.949341	40.790257	-73.949341	40.790257
3D7D4CFFF18E7696A12E55999D7A2FF3	2013-07-28 11:53:07	2013-07-28 11:59:48	1	400	1.8	-73.951317	40.81004	-73.971329	40.794495
3D7D4CFFF18E7696A12E55999D7A2FF3	2013-07-22 15:21:28	2013-07-22 15:41:10	1	1181	2.7	-73.949341	40.790257	-73.949341	40.790257
3D7D4CFFF18E7696A12E55999D7A2FF3	2013-07-22 15:42:38	2013-07-22 15:54:48	2	730	1.9	-73.949341	40.790257	-73.949341	40.790257
3D7D4CFFF18E7696A12E55999D7A2FF3	2013-07-22 06:58:14	2013-07-22 07:03:32	2	318	1.4	-73.990059	40.757076	-74.004646	40.743122
3D7D4CFFF18E7696A12E55999D7A2FF3	2013-07-22 05:39:29	2013-07-22 05:43:11	1	222	1.5	-73.989876	40.756611	-73.971924	40.760967
3D7D4CFFF18E7696A12E55999D7A2FF3	2013-07-22 16:07:07	2013-07-22 16:29:40	3	1353	6.3	-73.949341	40.790257	-73.949341	40.790257
3D7D4CFFF18E7696A12E55999D7A2FF3	2013-07-22 08:27:30	2013-07-22 08:34:57	1	447	1.7	-73.949341	40.790257	-73.949341	40.790257
3D7D4CFFF18E7696A12E55999D7A2FF3	2013-07-23 15:02:52	2013-07-23 15:10:50	1	477	0.7	-73.967285	40.769123	-73.956047	40.766048
3D7D4CFFF18E7696A12E55999D7A2FF3	2013-07-22 06:45:49	2013-07-22 06:51:26	1	336	0.7	-73.99025	40.756203	-73.982513	40.762676
3D7D4CFFF18E7696A12E55999D7A2FF3	2013-07-23 09:08:58	2013-07-23 09:23:51	1	893	1.5	-73.976486	40.755787	-73.993164	40.747654
3D7D4CFFF18E7696A12E55999D7A2FF3	2013-07-22 14:48:35	2013-07-22 14:59:15	4	639	1.8	-73.949341	40.790257	-73.949341	40.790257
3D7D4CFFF18E7696A12E55999D7A2FF3	2013-07-22 06:04:16	2013-07-22 06:10:18	1	362	1.1	-73.990303	40.757099	-73.971367	40.750854
3D7D4CFFF18E7696A12E55999D7A2FF3	2013-07-22 15:09:54	2013-07-22 15:20:00	2	605	1.8	-73.949341	40.790257	-73.949341	40.790257
3D7D4CFFF18E7696A12E55999D7A2FF3	2013-07-22 13:05:03	2013-07-22 13:19:25	2	862	0.8	-73.949341	40.790257	-73.949341	40.790257
3D7D4CFFF18E7696A12E55999D7A2FF3	2013-07-23 05:49:56	2013-07-23 05:53:45	1	228	1.0	-73.990646	40.75708	-73.974731	40.755878
3D7D4CFFF18E7696A12E55999D7A2FF3	2013-07-27 06:45:21	2013-07-27 07:00:11	3	890	6.3	-73.979553	40.727501	-73.939453	40.801807
3D7D4CFFF18E7696A12E55999D7A2FF3	2013-07-23 07:17:01	2013-07-23 07:23:12	1	370	1.7	-73.953918	40.784359	-73.953918	40.784359
3D7D4CFFF18E7696A12E55999D7A2FF3	2013-07-22 05:54:53	2013-07-22 05:58:52	1	239	1.8	-73.99408	40.74123	-73.976784	40.761047
3D7D4CFFF18E7696A12E55999D7A2FF3	2013-07-22 06:23:47	2013-07-22 06:29:43	1	355	1.1	-73.991638	40.750149	-73.977783	40.742111
3D7D4CFFF18E7696A12E55999D7A2FF3	2013-07-23 13:02:28	2013-07-23 13:11:52	1	564	0.7	-73.971664	40.763622	-73.964302	40.773457
3D7D4CFFF18E7696A12E55999D7A2FF3	2013-07-28 11:32:47	2013-07-28 11:37:13	2	265	0.8	-73.982056	40.775307	-73.979446	40.784897
3D7D4CFFF18E7696A12E55999D7A2FF3	2013-07-22 05:08:14	2013-07-22 05:12:33	1	259	1.5	-74.000946	40.731827	-73.979942	40.733307
3D7D4CFFF18E7696A12E55999D7A2FF3	2013-07-23 09:47:35	2013-07-23 10:07:52	1	1216	2.2	-73.970055	40.764862	-73.970055	40.764862
3D7D4CFFF18E7696A12E55999D7A2FF3	2013-07-27 09:57:56	2013-07-27 10:07:32	1	576	1.4	-73.999146	40.734112	-73.982903	40.742176
3D7D4CFFF18E7696A12E55999D7A2FF3	2013-07-28 13:01:35	2013-07-28 13:06:22	1	286	1.0	-73.971809	40.786232	-73.979988	40.78101
3D7D4CFFF18E7696A12E55999D7A2FF3	2013-07-28 09:26:24	2013-07-28 09:41:28	1	903	10.2	-73.974838	40.742073	-73.838974	40.717525
3D7D4CFFF18E7696A12E55999D7A2FF3	2013-07-23 13:24:06	2013-07-23 13:34:12	2	605	0.9	-73.957451	40.774124	-73.955742	40.764187
3D7D4CFFF18E7696A12E55999D7A2FF3	2013-07-23 16:14:41	2013-07-23 16:39:21	2	1479	3.5	-74.004044	40.713257	-73.985329	40.756462
3D7D4CFFF18E7696A12E55999D7A2FF3	2013-07-27 13:12:36	2013-07-27 13:18:36	1	360	1.1	-73.996574	40.72551	-74.008827	40.71991
3D7D4CFFF18E7696A12E55999D7A2FF3	2013-07-27 08:33:24	2013-07-27 08:39:12	2	347	1.4	-74.002724	40.739922	-74.01123	40.728596
3D7D4CFFF18E7696A12E55999D7A2FF3	2013-07-22 07:59:18	2013-07-22 08:10:46	1	687	1.7	-73.949341	40.790257	-73.949341	40.790257
3D7D4CFFF18E7696A12E55999D7A2FF3	2013-07-27 09:11:45	2013-07-27 09:14:05	1	139	0.8	-73.99147	40.765232	-73.983063	40.77319
3D7D4CFFF18E7696A12E55999D7A2FF3	2013-07-22 05:15:05	2013-07-22 05:21:17	2	371	1.7	-73.98156	40.73267	-73.979942	40.717644
3D7D4CFFF18E7696A12E55999D7A2FF3	2013-07-13 11:54:08	2013-07-13 12:07:59	1	830	4.1	-73.980103	40.783321	-73.99231	40.743649
3D7D4CFFF18E7696A12E55999D7A2FF3	2013-07-09 15:54:51	2013-07-09 16:01:56	1	425	1.1	-73.999611	40.733524	-73.988327	40.724079
3D7D4CFFF18E7696A12E55999D7A2FF3	2013-07-09 15:22:37	2013-07-09 15:35:02	1	745	1.3	-73.990517	40.745987	-73.982002	40.763111
3D7D4CFFF18E7696A12E55999D7A2FF3	2013-07-09 06:54:02	2013-07-09 06:56:41	1	158	0.5	-73.977203	40.755783	-73.977913	40.761333
3D7D4CFFF18E7696A12E55999D7A2FF3	2013-07-13 12:52:22	2013-07-13 13:01:51	1	569	2.3	-73.951309	40.778603	-73.97464	40.755138
3D7D4CFFF18E7696A12E55999D7A2FF3	2013-07-13 13:11:24	2013-07-13 13:29:06	1	1061	6.1	-73.963982	40.767792	-74.004341	40.707329
3D7D4CFFF18E7696A12E55999D7A2FF3	2013-07-09 09:52:52	2013-07-09 10:25:16	2	1943	5.3	-73.966103	40.804474	-73.975441	40.74464
3D7D4CFFF18E7696A12E55999D7A2FF3	2013-07-11 14:21:15	2013-07-11 14:29:25	1	490	0.7	-73.976585	40.755768	-73.986992	40.75576
3D7D4CFFF18E7696A12E55999D7A2FF3	2013-07-13 11:12:26	2013-07-13 11:24:37	1	730	3.6	-73.967484	40.80106	-73.976608	40.760361
3D7D4CFFF18E7696A12E55999D7A2FF3	2013-07-09 13:06:52	2013-07-09 13:20:26	1	813	1.5	-74.005592	40.740631	-73.988464	40.751743
3D7D4CFFF18E7696A12E55999D7A2FF3	2013-07-09 07:31:20	2013-07-09 07:53:39	1	1339	4.6	-73.990105	40.75687	-74.009499	40.710617
3D7D4CFFF18E7696A12E55999D7A2FF3	2013-07-09 15:42:05	2013-07-09 15:49:06	1	421	1.6	-73.985588	40.757622	-73.991257	40.739204
3D7D4CFFF18E7696A12E55999D7A2FF3	2013-07-11 12:59:23	2013-07-11 13:05:49	3	386	0.7	-74.002213	40.714985	-74.000366	40.723518
3D7D4CFFF18E7696A12E55999D7A2FF3	2013-07-09 07:56:26	2013-07-09 08:02:39	1	372	0.7	-74.00885	40.713768	-74.010948	40.722172
3D7D4CFFF18E7696A12E55999D7A2FF3	2013-07-13 10:59:38	2013-07-13 11:04:19	1	281	1.0	-73.981834	40.768745	-73.978668	40.782547
3D7D4CFFF18E7696A12E55999D7A2FF3	2013-07-09 07:19:22	2013-07-09 07:24:18	1	295	1.4	-73.997238	40.737007	-73.984932	40.754822
3D7D4CFFF18E7696A12E55999D7A2FF3	2013-07-09 09:15:20	2013-07-09 09:29:20	1	839	1.8	-73.986618	40.745289	-73.995293	40.763767
3D7D4CFFF18E7696A12E55999D7A2FF3	2013-07-09 06:27:55	2013-07-09 06:33:23	1	327	0.7	-73.99099	40.755638	-73.979324	40.754478
3D7D4CFFF18E7696A12E55999D7A2FF3	2013-07-11 10:15:30	2013-07-11 10:23:49	1	498	1.8	-74.005791	40.7178	-74.001869	40.740616
3D7D4CFFF18E7696A12E55999D7A2FF3	2013-07-11 15:30:19	2013-07-11 15:40:04	1	585	1.3	-73.955338	40.767433	-73.971466	40.760468
3D7D4CFFF18E7696A12E55999D7A2FF3	2013-07-13 10:36:13	2013-07-13 10:53:40	1	1046	3.3	-73.951378	40.778706	-73.99041	40.756702
3D7D4CFFF18E7696A12E55999D7A2FF3	2013-07-11 14:20:20	2013-07-11 14:20:24	1	4	0.0	-73.97654	40.756157	-73.97654	40.756157
3D7D4CFFF18E7696A12E55999D7A2FF3	2013-07-11 07:57:57	2013-07-11 08:07:22	1	565	1.4	-73.997513	40.757248	-73.981316	40.75164
3D7D4CFFF18E7696A12E55999D7A2FF3	2013-07-09 07:03:19	2013-07-09 07:09:06	1	346	1.3	-73.961418	40.768959	-73.974174	40.75378
3D7D4CFFF18E7696A12E55999D7A2FF3	2013-07-13 14:48:58	2013-07-13 14:58:56	1	598	2.4	-74.007095	40.741741	-73.978188	40.751301
3D7D4CFFF18E7696A12E55999D7A2FF3	2013-07-11 08:18:10	2013-07-11 08:27:04	1	534	1.6	-73.955971	40.77573	-73.972931	40.76445
3D7D4CFFF18E7696A12E55999D7A2FF3	2013-07-11 13:32:02	2013-07-11 13:37:59	1	357	1.0	-73.978828	40.752068	-73.968567	40.764488
3D7D4CFFF18E7696A12E55999D7A2FF3	2013-07-11 05:50:33	2013-07-11 05:54:54	2	261	1.0	-73.999008	40.734241	-73.982559	40.727871
3D7D4CFFF18E7696A12E55999D7A2FF3	2013-07-09 10:40:43	2013-07-09 10:50:12	1	568	1.4	-73.983337	40.73069	-73.998344	40.72097
3D7D4CFFF18E7696A12E55999D7A2FF3	2013-07-13 15:27:51	2013-07-13 15:40:12	1	740	1.6	-73.977371	40.757645	-73.998764	40.750145
3D7D4CFFF18E7696A12E55999D7A2FF3	2013-07-11 09:36:03	2013-07-11 09:58:14	1	1331	5.9	-73.992897	40.742577	-73.990608	40.692825
3D7D4CFFF18E7696A12E55999D7A2FF3	2013-07-09 08:46:14	2013-07-09 09:07:52	1	1297	2.3	-73.95742	40.774361	-73.978874	40.750687
3D7D4CFFF18E7696A12E55999D7A2FF3	2013-07-09 14:33:06	2013-07-09 15:07:50	1	2083	3.9	-73.967216	40.767002	-74.007324	40.727524
3D7D4CFFF18E7696A12E55999D7A2FF3	2013-07-09 13:21:44	2013-07-09 13:28:26	3	401	0.9	-73.986984	40.751186	-73.978165	40.762447
3D7D4CFFF18E7696A12E55999D7A2FF3	2013-07-11 07:26:21	2013-07-11 07:36:53	1	632	2.6	-73.971954	40.787247	-73.986038	40.755783
3D7D4CFFF18E7696A12E55999D7A2FF3	2013-07-11 10:43:29	2013-07-11 11:05:40	1	1330	2.2	-73.98069	40.769756	-73.954399	40.778034
3D7D4CFFF18E7696A12E55999D7A2FF3	2013-05-01 09:15:24	2013-05-01 09:52:01	1	2197	5.3	0.0	0.0	0.0	0.0
3D7D4CFFF18E7696A12E55999D7A2FF3	2013-05-28 09:51:58	2013-05-28 10:02:49	1	649	0.7	0.0	0.0	0.0	0.0
3D7D4CFFF18E7696A12E55999D7A2FF3	2013-05-31 08:57:27	2013-05-31 09:31:24	1	2036	3.7	0.0	0.0	0.0	0.0
3D7D4CFFF18E7696A12E55999D7A2FF3	2013-05-28 09:20:10	2013-05-28 09:39:55	4	1184	2.1	0.0	0.0	0.0	0.0
3D7D4CFFF18E7696A12E55999D7A2FF3	2013-05-28 10:25:13	2013-05-28 10:33:01	2	468	1.0	0.0	0.0	0.0	0.0
3D7D4CFFF18E7696A12E55999D7A2FF3	2013-05-27 11:58:26	2013-05-27 12:11:34	1	788	3.2	0.0	0.0	0.0	0.0
3D7D4CFFF18E7696A12E55999D7A2FF3	2013-05-31 09:37:25	2013-05-31 09:44:29	1	424	0.5	0.0	0.0	0.0	0.0
3D7D4CFFF18E7696A12E55999D7A2FF3	2013-05-27 08:10:44	2013-05-27 08:18:34	1	463	1.8	0.0	0.0	0.0	0.0
3D7D4CFFF18E7696A12E55999D7A2FF3	2013-05-29 15:17:08	2013-05-29 15:22:59	1	352	1.1	0.0	0.0	0.0	0.0
3D7D4CFFF18E7696A12E55999D7A2FF3	2013-05-31 08:06:04	2013-05-31 08:24:01	2	1077	3.7	0.0	0.0	0.0	0.0
3D7D4CFFF18E7696A12E55999D7A2FF3	2013-05-29 10:10:37	2013-05-29 10:14:26	2	228	0.6	0.0	0.0	0.0	0.0
3D7D4CFFF18E7696A12E55999D7A2FF3	2013-05-27 14:30:23	2013-05-27 14:43:03	2	760	2.6	0.0	0.0	0.0	0.0
3D7D4CFFF18E7696A12E55999D7A2FF3	2013-05-31 06:02:30	2013-05-31 06:32:18	1	1788	17.3	0.0	0.0	0.0	0.0
3D7D4CFFF18E7696A12E55999D7A2FF3	2013-05-29 16:42:22	2013-05-29 16:50:50	1	508	0.5	0.0	0.0	0.0	0.0
3D7D4CFFF18E7696A12E55999D7A2FF3	2013-05-31 09:51:20	2013-05-31 10:03:36	1	735	0.9	0.0	0.0	0.0	0.0
3D7D4CFFF18E7696A12E55999D7A2FF3	2013-05-27 07:26:41	2013-05-27 07:28:39	1	118	0.5	0.0	0.0	0.0	0.0
3D7D4CFFF18E7696A12E55999D7A2FF3	2013-05-27 11:45:37	2013-05-27 11:53:37	2	481	2.5	0.0	0.0	0.0	0.0
3D7D4CFFF18E7696A12E55999D7A2FF3	2013-05-28 06:27:58	2013-05-28 06:37:32	1	574	3.1	0.0	0.0	0.0	0.0
3D7D4CFFF18E7696A12E55999D7A2FF3	2013-05-28 16:31:53	2013-05-28 16:39:59	1	479	1.1	0.0	0.0	0.0	0.0
3D7D4CFFF18E7696A12E55999D7A2FF3	2013-05-27 16:30:36	2013-05-27 16:39:29	2	532	2.9	0.0	0.0	0.0	0.0
3D7D4CFFF18E7696A12E55999D7A2FF3	2013-05-29 05:42:38	2013-05-29 05:46:10	1	212	1.0	0.0	0.0	0.0	0.0
3D7D4CFFF18E7696A12E55999D7A2FF3	2013-05-31 13:03:24	2013-05-31 13:18:11	2	888	1.9	0.0	0.0	0.0	0.0
3D7D4CFFF18E7696A12E55999D7A2FF3	2013-05-27 07:34:02	2013-05-27 07:35:38	1	96	0.4	0.0	0.0	0.0	0.0
3D7D4CFFF18E7696A12E55999D7A2FF3	2013-05-29 12:16:49	2013-05-29 12:22:21	2	331	1.1	0.0	0.0	0.0	0.0
3D7D4CFFF18E7696A12E55999D7A2FF3	2013-05-27 15:51:44	2013-05-27 16:02:11	2	628	2.6	0.0	0.0	0.0	0.0
3D7D4CFFF18E7696A12E55999D7A2FF3	2013-05-29 10:16:05	2013-05-29 10:31:54	4	950	1.9	0.0	0.0	0.0	0.0
3D7D4CFFF18E7696A12E55999D7A2FF3	2013-05-31 08:35:08	2013-05-31 08:45:27	1	617	1.4	0.0	0.0	0.0	0.0
3D7D4CFFF18E7696A12E55999D7A2FF3	2013-05-27 12:25:39	2013-05-27 12:30:16	2	277	1.1	0.0	0.0	0.0	0.0
3D7D4CFFF18E7696A12E55999D7A2FF3	2013-05-29 11:57:05	2013-05-29 12:12:08	1	902	1.6	0.0	0.0	0.0	0.0
3D7D4CFFF18E7696A12E55999D7A2FF3	2013-05-27 14:56:48	2013-05-27 15:15:17	4	1109	3.5	0.0	0.0	0.0	0.0
3D7D4CFFF18E7696A12E55999D7A2FF3	2013-05-28 14:44:31	2013-05-28 15:12:08	2	1656	4.3	0.0	0.0	0.0	0.0
3D7D4CFFF18E7696A12E55999D7A2FF3	2013-05-28 12:02:31	2013-05-28 12:02:42	1	10	0.0	0.0	0.0	0.0	0.0
3D7D4CFFF18E7696A12E55999D7A2FF3	2013-05-27 12:51:41	2013-05-27 13:06:31	2	890	3.8	0.0	0.0	0.0	0.0
3D7D4CFFF18E7696A12E55999D7A2FF3	2013-05-27 14:18:30	2013-05-27 14:28:01	2	571	2.5	0.0	0.0	0.0	0.0
3D7D4CFFF18E7696A12E55999D7A2FF3	2013-05-28 06:04:03	2013-05-28 06:07:57	1	234	0.6	0.0	0.0	0.0	0.0
3D7D4CFFF18E7696A12E55999D7A2FF3	2013-05-31 07:26:28	2013-05-31 07:34:13	1	465	1.1	0.0	0.0	0.0	0.0
3D7D4CFFF18E7696A12E55999D7A2FF3	2013-05-31 12:16:10	2013-05-31 12:20:26	1	255	0.9	0.0	0.0	0.0	0.0
3D7D4CFFF18E7696A12E55999D7A2FF3	2013-05-28 10:07:06	2013-05-28 10:15:30	1	504	0.5	0.0	0.0	0.0	0.0
3D7D4CFFF18E7696A12E55999D7A2FF3	2013-05-28 08:25:52	2013-05-28 08:31:07	2	314	1.1	0.0	0.0	0.0	0.0
3D7D4CFFF18E7696A12E55999D7A2FF3	2013-05-28 08:14:15	2013-05-28 08:17:36	1	201	0.5	0.0	0.0	0.0	0.0
3D7D4CFFF18E7696A12E55999D7A2FF3	2013-05-31 10:33:26	2013-05-31 10:45:23	1	716	1.5	0.0	0.0	0.0	0.0
3D7D4CFFF18E7696A12E55999D7A2FF3	2013-05-27 10:49:17	2013-05-27 10:51:35	1	138	0.6	0.0	0.0	0.0	0.0
3D7D4CFFF18E7696A12E55999D7A2FF3	2013-05-28 06:49:05	2013-05-28 06:52:35	2	209	0.8	0.0	0.0	0.0	0.0
3D7D4CFFF18E7696A12E55999D7A2FF3	2013-05-28 13:07:19	2013-05-28 13:28:19	1	1260	9.4	0.0	0.0	0.0	0.0
3D7D4CFFF18E7696A12E55999D7A2FF3	2013-05-29 13:21:52	2013-05-29 13:36:27	1	873	2.2	0.0	0.0	0.0	0.0
3D7D4CFFF18E7696A12E55999D7A2FF3	2013-05-28 14:32:05	2013-05-28 14:41:16	1	552	0.9	0.0	0.0	0.0	0.0
3D7D4CFFF18E7696A12E55999D7A2FF3	2013-05-29 06:06:20	2013-05-29 06:16:26	1	605	2.8	0.0	0.0	0.0	0.0
3D7D4CFFF18E7696A12E55999D7A2FF3	2013-05-29 10:56:20	2013-05-29 11:05:10	1	529	1.2	0.0	0.0	0.0	0.0
3D7D4CFFF18E7696A12E55999D7A2FF3	2013-05-28 15:37:36	2013-05-28 15:55:18	2	1062	2.2	0.0	0.0	0.0	0.0
3D7D4CFFF18E7696A12E55999D7A2FF3	2013-05-29 10:47:36	2013-05-29 10:49:03	1	87	0.5	0.0	0.0	0.0	0.0
3D7D4CFFF18E7696A12E55999D7A2FF3	2013-05-29 11:44:16	2013-05-29 11:50:42	1	386	0.8	0.0	0.0	0.0	0.0
3D7D4CFFF18E7696A12E55999D7A2FF3	2013-05-28 15:14:16	2013-05-28 15:27:43	1	806	1.8	0.0	0.0	0.0	0.0
3D7D4CFFF18E7696A12E55999D7A2FF3	2013-05-29 13:00:37	2013-05-29 13:19:10	2	1112	2.1	0.0	0.0	0.0	0.0
3D7D4CFFF18E7696A12E55999D7A2FF3	2013-05-31 11:29:51	2013-05-31 11:40:23	1	632	1.3	0.0	0.0	0.0	0.0
3D7D4CFFF18E7696A12E55999D7A2FF3	2013-05-28 05:57:48	2013-05-28 06:03:41	1	353	1.6	0.0	0.0	0.0	0.0
3D7D4CFFF18E7696A12E55999D7A2FF3	2013-05-28 09:43:58	2013-05-28 09:48:33	1	275	0.6	0.0	0.0	0.0	0.0
3D7D4CFFF18E7696A12E55999D7A2FF3	2013-05-28 10:57:48	2013-05-28 11:03:34	1	346	0.8	0.0	0.0	0.0	0.0
3D7D4CFFF18E7696A12E55999D7A2FF3	2013-05-27 13:11:47	2013-05-27 13:13:26	1	100	0.7	0.0	0.0	0.0	0.0
3D7D4CFFF18E7696A12E55999D7A2FF3	2013-05-29 08:46:05	2013-05-29 08:55:20	1	554	1.0	0.0	0.0	0.0	0.0
3D7D4CFFF18E7696A12E55999D7A2FF3	2013-05-27 16:45:35	2013-05-27 16:52:35	1	420	1.8	0.0	0.0	0.0	0.0
3D7D4CFFF18E7696A12E55999D7A2FF3	2013-05-29 06:34:51	2013-05-29 06:41:01	1	370	1.0	0.0	0.0	0.0	0.0
3D7D4CFFF18E7696A12E55999D7A2FF3	2013-05-28 16:47:55	2013-05-28 16:55:18	1	443	1.2	0.0	0.0	0.0	0.0
3D7D4CFFF18E7696A12E55999D7A2FF3	2013-05-27 09:56:20	2013-05-27 10:01:13	1	292	0.9	0.0	0.0	0.0	0.0
3D7D4CFFF18E7696A12E55999D7A2FF3	2013-05-27 16:05:42	2013-05-27 16:20:27	2	886	3.0	0.0	0.0	0.0	0.0
3D7D4CFFF18E7696A12E55999D7A2FF3	2013-05-29 08:34:59	2013-05-29 08:41:50	1	410	0.5	0.0	0.0	0.0	0.0
3D7D4CFFF18E7696A12E55999D7A2FF3	2013-05-27 14:44:27	2013-05-27 14:51:34	2	428	1.3	0.0	0.0	0.0	0.0
3D7D4CFFF18E7696A12E55999D7A2FF3	2013-05-27 15:36:42	2013-05-27 15:41:32	2	289	0.8	0.0	0.0	0.0	0.0
3D7D4CFFF18E7696A12E55999D7A2FF3	2013-05-28 12:02:56	2013-05-28 12:43:19	2	2423	20.0	0.0	0.0	0.0	0.0
3D7D4CFFF18E7696A12E55999D7A2FF3	2013-08-21 07:49:41	2013-08-21 07:54:29	1	288	1.0	-73.946877	40.776409	-73.959526	40.77383
3D7D4CFFF18E7696A12E55999D7A2FF3	2013-08-25 16:44:14	2013-08-25 16:48:30	2	256	1.3	-74.000954	40.725903	-74.005402	40.73991
3D7D4CFFF18E7696A12E55999D7A2FF3	2013-08-25 14:29:09	2013-08-25 14:31:11	1	121	0.5	-73.975327	40.762486	-73.966751	40.761318
3D7D4CFFF18E7696A12E55999D7A2FF3	2013-08-25 13:54:12	2013-08-25 14:12:28	1	1095	3.3	-73.947166	40.779888	-73.984604	40.758305
3D7D4CFFF18E7696A12E55999D7A2FF3	2013-08-25 14:47:20	2013-08-25 14:49:42	2	141	0.6	-73.96077	40.781101	-73.966652	40.773029
3D7D4CFFF18E7696A12E55999D7A2FF3	2013-08-25 15:24:32	2013-08-25 15:28:37	2	245	0.8	-73.991241	40.741825	-74.001762	40.743542
3D7D4CFFF18E7696A12E55999D7A2FF3	2013-08-25 16:21:02	2013-08-25 16:27:21	2	379	1.4	-73.974426	40.763359	-73.987328	40.744904
3D7D4CFFF18E7696A12E55999D7A2FF3	2013-08-21 09:35:39	2013-08-21 09:50:23	1	883	2.5	-73.956604	40.771084	-73.981834	40.746304
3D7D4CFFF18E7696A12E55999D7A2FF3	2013-08-21 07:17:41	2013-08-21 07:23:16	1	334	1.3	-73.957512	40.773407	-73.97039	40.759888
3D7D4CFFF18E7696A12E55999D7A2FF3	2013-08-25 16:03:15	2013-08-25 16:11:09	1	473	1.9	-73.96209	40.779526	-73.969978	40.75737
3D7D4CFFF18E7696A12E55999D7A2FF3	2013-08-25 16:33:40	2013-08-25 16:41:39	2	478	0.9	-73.999405	40.739212	-74.001602	40.727829
3D7D4CFFF18E7696A12E55999D7A2FF3	2013-08-21 10:24:24	2013-08-21 10:29:14	1	289	0.7	-73.970718	40.761406	-73.963402	40.769245
3D7D4CFFF18E7696A12E55999D7A2FF3	2013-08-21 09:13:26	2013-08-21 09:23:30	1	604	1.3	-73.960831	40.769798	-73.970863	40.754993
3D7D4CFFF18E7696A12E55999D7A2FF3	2013-08-21 13:03:54	2013-08-21 13:25:54	1	1320	2.5	-73.978745	40.785728	-73.990631	40.750854
3D7D4CFFF18E7696A12E55999D7A2FF3	2013-08-25 11:42:54	2013-08-25 11:52:47	2	592	2.9	-73.970551	40.788448	-73.990707	40.750839
3D7D4CFFF18E7696A12E55999D7A2FF3	2013-08-25 12:52:34	2013-08-25 13:07:35	4	900	2.9	-73.969238	40.769482	-73.990875	40.734081
3D7D4CFFF18E7696A12E55999D7A2FF3	2013-08-25 14:59:22	2013-08-25 15:08:28	4	546	2.0	-73.979546	40.749126	-73.994713	40.723511
3D7D4CFFF18E7696A12E55999D7A2FF3	2013-08-21 13:30:40	2013-08-21 13:34:00	1	199	0.3	-73.99144	40.750099	-73.994568	40.745533
3D7D4CFFF18E7696A12E55999D7A2FF3	2013-08-25 11:02:17	2013-08-25 11:09:40	1	443	1.8	-73.98658	40.745975	-73.970573	40.764606
3D7D4CFFF18E7696A12E55999D7A2FF3	2013-08-21 08:58:03	2013-08-21 09:07:07	1	543	1.4	-73.980858	40.741982	-73.967522	40.760506
3D7D4CFFF18E7696A12E55999D7A2FF3	2013-08-21 06:59:50	2013-08-21 07:05:04	1	314	0.8	-73.989616	40.756748	-73.977318	40.753857
3D7D4CFFF18E7696A12E55999D7A2FF3	2013-08-25 11:53:30	2013-08-25 11:56:02	1	152	0.9	-73.990829	40.750744	-74.00071	40.741463
3D7D4CFFF18E7696A12E55999D7A2FF3	2013-08-23 14:02:46	2013-08-23 14:02:46	2	0	0.0	-73.997742	40.724163	0.0	0.0
3D7D4CFFF18E7696A12E55999D7A2FF3	2013-08-25 14:51:15	2013-08-25 14:57:56	1	400	1.6	-73.969849	40.768635	-73.978966	40.750084
3D7D4CFFF18E7696A12E55999D7A2FF3	2013-08-25 11:15:46	2013-08-25 11:23:36	2	469	2.2	-73.959602	40.770813	-73.969635	40.792706
3D7D4CFFF18E7696A12E55999D7A2FF3	2013-08-21 11:10:32	2013-08-21 11:19:27	1	534	1.2	-73.989334	40.75285	-74.005562	40.749985
3D7D4CFFF18E7696A12E55999D7A2FF3	2013-08-21 06:19:02	2013-08-21 06:25:13	1	370	2.0	-73.989601	40.756783	-73.967171	40.769535
3D7D4CFFF18E7696A12E55999D7A2FF3	2013-08-05 07:54:25	2013-08-05 08:02:59	1	514	1.7	-73.955643	40.77689	-73.97348	40.757996
3D7D4CFFF18E7696A12E55999D7A2FF3	2013-08-05 14:27:08	2013-08-05 14:39:29	2	740	2.6	-73.998283	40.722946	-73.973602	40.752056
3D7D4CFFF18E7696A12E55999D7A2FF3	2013-08-07 08:33:10	2013-08-07 08:35:29	1	139	0.4	-73.975533	40.751614	-73.975067	40.747967
3D7D4CFFF18E7696A12E55999D7A2FF3	2013-08-10 15:28:28	2013-08-10 15:35:54	1	445	2.4	-73.982941	40.739208	-73.960793	40.769474
3D7D4CFFF18E7696A12E55999D7A2FF3	2013-08-09 16:42:42	2013-08-09 16:50:03	1	441	0.9	-73.98111	40.753841	-73.974953	40.761253
3D7D4CFFF18E7696A12E55999D7A2FF3	2013-08-09 16:19:38	2013-08-09 16:23:52	2	254	0.9	-74.004097	40.725376	-73.993477	40.727898
3D7D4CFFF18E7696A12E55999D7A2FF3	2013-08-05 08:10:18	2013-08-05 08:12:16	1	118	0.7	-73.966049	40.765362	-73.97184	40.755314
3D7D4CFFF18E7696A12E55999D7A2FF3	2013-08-05 10:58:17	2013-08-05 11:12:29	2	851	4.0	-73.954399	40.764183	-73.929268	40.770592
3D7D4CFFF18E7696A12E55999D7A2FF3	2013-08-05 15:36:23	2013-08-05 15:40:44	4	261	0.3	-73.967743	40.771782	-73.964745	40.768326
3D7D4CFFF18E7696A12E55999D7A2FF3	2013-08-07 16:26:13	2013-08-07 16:44:38	1	1105	2.9	-74.006989	40.727375	-73.979141	40.75108
3D7D4CFFF18E7696A12E55999D7A2FF3	2013-08-05 09:34:51	2013-08-05 09:46:20	1	688	1.6	-73.990623	40.756027	-73.969421	40.762943
3D7D4CFFF18E7696A12E55999D7A2FF3	2013-08-10 11:51:33	2013-08-10 12:04:10	1	757	2.9	-73.969353	40.798046	-73.971786	40.765896
3D7D4CFFF18E7696A12E55999D7A2FF3	2013-08-09 13:29:52	2013-08-09 13:39:51	1	598	2.6	-73.979843	40.7812	-73.961555	40.813034
3D7D4CFFF18E7696A12E55999D7A2FF3	2013-08-09 13:27:16	2013-08-09 13:29:12	1	115	0.6	-73.973244	40.78521	-73.979851	40.781212
3D7D4CFFF18E7696A12E55999D7A2FF3	2013-08-07 17:02:07	2013-08-07 17:06:46	3	279	0.6	-73.986328	40.755108	-73.984879	40.748302
3D7D4CFFF18E7696A12E55999D7A2FF3	2013-08-07 13:42:44	2013-08-07 13:50:28	1	463	0.9	-73.984909	40.745323	-73.976715	40.756241
3D7D4CFFF18E7696A12E55999D7A2FF3	2013-08-05 16:51:09	2013-08-05 16:54:53	1	223	0.7	-74.005569	40.738041	-74.006958	40.731174
3D7D4CFFF18E7696A12E55999D7A2FF3	2013-08-10 14:50:41	2013-08-10 14:55:22	1	281	0.6	-73.9897	40.735695	-73.983932	40.730217
3D7D4CFFF18E7696A12E55999D7A2FF3	2013-08-07 12:36:18	2013-08-07 12:58:00	1	1302	4.2	-73.99263	40.74884	-74.017242	40.705292
3D7D4CFFF18E7696A12E55999D7A2FF3	2013-08-07 11:20:55	2013-08-07 11:48:12	3	1636	4.2	-73.995499	40.759361	-73.953751	40.778774
3D7D4CFFF18E7696A12E55999D7A2FF3	2013-08-07 15:51:25	2013-08-07 16:18:56	2	1651	3.8	-73.959526	40.782669	-73.994392	40.745789
3D7D4CFFF18E7696A12E55999D7A2FF3	2013-08-09 15:01:45	2013-08-09 15:06:53	1	307	2.1	-73.954208	40.766472	-73.971695	40.744225
3D7D4CFFF18E7696A12E55999D7A2FF3	2013-08-07 06:45:29	2013-08-07 06:47:37	1	128	0.4	-73.984512	40.757927	-73.989182	40.75481
3D7D4CFFF18E7696A12E55999D7A2FF3	2013-08-05 08:40:30	2013-08-05 08:49:31	1	541	1.2	-73.964188	40.765457	-73.976944	40.761723
3D7D4CFFF18E7696A12E55999D7A2FF3	2013-08-09 15:36:12	2013-08-09 15:45:43	4	571	1.5	-73.972984	40.780514	-73.973244	40.764267
3D7D4CFFF18E7696A12E55999D7A2FF3	2013-08-09 05:14:24	2013-08-09 05:20:52	4	387	1.3	-74.005859	40.736534	-73.98526	40.732368
3D7D4CFFF18E7696A12E55999D7A2FF3	2013-08-05 07:20:23	2013-08-05 07:29:24	1	541	3.1	-74.008743	40.718441	-73.983597	40.755527
3D7D4CFFF18E7696A12E55999D7A2FF3	2013-08-09 15:08:32	2013-08-09 15:16:53	1	500	1.3	-73.971863	40.746239	-73.969948	40.761089
3D7D4CFFF18E7696A12E55999D7A2FF3	2013-08-07 13:07:40	2013-08-07 13:14:26	1	405	0.7	-74.01152	40.710781	-74.002037	40.715328
3D7D4CFFF18E7696A12E55999D7A2FF3	2013-08-07 10:15:58	2013-08-07 10:18:44	1	166	0.4	-73.985382	40.723572	-73.988335	40.728069
3D7D4CFFF18E7696A12E55999D7A2FF3	2013-08-05 16:24:39	2013-08-05 16:32:06	1	446	1.0	-73.999786	40.738544	-73.988441	40.728909
3D7D4CFFF18E7696A12E55999D7A2FF3	2013-08-05 15:56:57	2013-08-05 16:10:44	1	827	0.6	-73.982201	40.752113	-73.991264	40.755405
3D7D4CFFF18E7696A12E55999D7A2FF3	2013-08-09 07:12:59	2013-08-09 07:22:25	1	566	1.9	-73.982002	40.772503	-73.970566	40.756203
3D7D4CFFF18E7696A12E55999D7A2FF3	2013-08-05 13:45:09	2013-08-05 14:18:41	1	2012	8.5	-73.925148	40.768543	-74.005142	40.719707
3D7D4CFFF18E7696A12E55999D7A2FF3	2013-08-10 10:56:37	2013-08-10 10:58:12	1	95	0.5	-73.957375	40.780262	-73.956841	40.785824
3D7D4CFFF18E7696A12E55999D7A2FF3	2013-08-07 05:43:04	2013-08-07 05:55:32	1	747	4.5	-74.003891	40.742783	-73.967743	40.710682
3D7D4CFFF18E7696A12E55999D7A2FF3	2013-08-09 16:12:43	2013-08-09 16:15:48	3	184	0.4	-73.993996	40.724731	-74.001671	40.726154
3D7D4CFFF18E7696A12E55999D7A2FF3	2013-08-09 16:54:53	2013-08-09 17:01:23	1	390	1.1	-73.97818	40.757332	-73.983612	40.743935
3D7D4CFFF18E7696A12E55999D7A2FF3	2013-08-05 06:38:04	2013-08-05 06:45:03	1	419	5.2	-73.970428	40.752068	-74.012184	40.702499
3D7D4CFFF18E7696A12E55999D7A2FF3	2013-08-07 08:16:29	2013-08-07 08:25:17	1	528	1.3	-73.985252	40.763458	-73.976723	40.752335
3D7D4CFFF18E7696A12E55999D7A2FF3	2013-08-05 08:22:46	2013-08-05 08:32:37	1	591	2.3	-73.950806	40.782745	-73.975273	40.763546
3D7D4CFFF18E7696A12E55999D7A2FF3	2013-08-10 09:50:55	2013-08-10 09:52:35	1	100	0.4	-73.998352	40.735207	-73.992134	40.737236
3D7D4CFFF18E7696A12E55999D7A2FF3	2013-08-05 15:46:04	2013-08-05 15:55:15	4	550	1.1	-73.970192	40.768269	-73.98101	40.75325
3D7D4CFFF18E7696A12E55999D7A2FF3	2013-08-05 16:33:58	2013-08-05 16:41:40	1	462	1.5	-73.988022	40.728149	-73.995766	40.742474
3D7D4CFFF18E7696A12E55999D7A2FF3	2013-08-05 12:44:31	2013-08-05 12:48:20	2	228	0.7	-73.98217	40.775188	-73.977234	40.784489
3D7D4CFFF18E7696A12E55999D7A2FF3	2013-08-05 05:15:40	2013-08-05 05:19:25	2	224	1.2	-74.006042	40.735191	-73.994629	40.750427
3D7D4CFFF18E7696A12E55999D7A2FF3	2013-08-09 15:58:51	2013-08-09 16:07:55	1	544	4.3	-73.957321	40.766109	-73.977905	40.719753
3D7D4CFFF18E7696A12E55999D7A2FF3	2013-08-10 15:50:22	2013-08-10 15:50:22	3	0	0.0	-73.950127	40.771095	0.0	0.0
3D7D4CFFF18E7696A12E55999D7A2FF3	2013-08-05 07:36:36	2013-08-05 07:44:11	1	455	1.0	-73.989883	40.756783	-73.977379	40.759415
3D7D4CFFF18E7696A12E55999D7A2FF3	2013-08-07 10:29:14	2013-08-07 10:36:13	1	419	1.3	-73.981476	40.741264	-73.994293	40.728397
3D7D4CFFF18E7696A12E55999D7A2FF3	2013-08-05 10:24:56	2013-08-05 10:33:35	3	518	1.4	-73.990227	40.756378	-73.977287	40.774437
3D7D4CFFF18E7696A12E55999D7A2FF3	2013-08-05 12:21:28	2013-08-05 12:29:41	1	492	0.5	-74.000847	40.757732	-73.993454	40.754005
3D7D4CFFF18E7696A12E55999D7A2FF3	2013-08-05 09:08:42	2013-08-05 09:18:16	1	574	2.0	-73.983559	40.749889	-74.008102	40.73912
3D7D4CFFF18E7696A12E55999D7A2FF3	2013-08-10 13:45:56	2013-08-10 13:52:00	1	363	1.7	-73.964096	40.764629	-73.944862	40.77993
3D7D4CFFF18E7696A12E55999D7A2FF3	2013-08-07 15:21:10	2013-08-07 15:32:26	1	675	2.0	-73.99308	40.736752	-73.98851	40.758827
3D7D4CFFF18E7696A12E55999D7A2FF3	2013-08-09 16:27:28	2013-08-09 16:42:16	4	888	2.2	-73.993195	40.729301	-73.980957	40.753937
3D7D4CFFF18E7696A12E55999D7A2FF3	2013-09-23 07:56:06	2013-09-23 08:00:31	1	264	0.5	-73.975067	40.752728	-73.969223	40.757328
3D7D4CFFF18E7696A12E55999D7A2FF3	2013-09-23 13:56:25	2013-09-23 14:19:21	3	1376	2.7	-73.962166	40.779171	-73.985435	40.759853
3D7D4CFFF18E7696A12E55999D7A2FF3	2013-09-25 07:09:55	2013-09-25 07:22:34	1	758	2.8	-73.988853	40.77779	-73.953255	40.788635
3D7D4CFFF18E7696A12E55999D7A2FF3	2013-09-26 06:26:12	2013-09-26 06:28:05	1	112	0.6	-73.988953	40.748741	-73.982185	40.755783
3D7D4CFFF18E7696A12E55999D7A2FF3	2013-09-25 11:53:38	2013-09-25 12:26:23	1	1964	19.6	-73.962257	40.77739	-73.782967	40.643936
3D7D4CFFF18E7696A12E55999D7A2FF3	2013-09-26 14:41:35	2013-09-26 15:11:39	1	1804	3.3	-73.967682	40.766968	-74.006508	40.748791
3D7D4CFFF18E7696A12E55999D7A2FF3	2013-09-26 08:52:38	2013-09-26 09:20:14	1	1656	2.7	-73.961571	40.774639	-73.990768	40.755562
3D7D4CFFF18E7696A12E55999D7A2FF3	2013-09-25 06:52:37	2013-09-25 07:05:40	1	782	2.7	-73.950714	40.779205	-73.987511	40.775928
3D7D4CFFF18E7696A12E55999D7A2FF3	2013-09-23 06:05:31	2013-09-23 06:07:40	1	129	0.9	-73.993118	40.74247	-73.987228	40.753632
3D7D4CFFF18E7696A12E55999D7A2FF3	2013-09-24 16:09:02	2013-09-24 16:14:33	3	331	0.8	-73.991219	40.739182	-74.00589	40.745201
3D7D4CFFF18E7696A12E55999D7A2FF3	2013-09-23 14:24:18	2013-09-23 14:25:35	1	76	0.0	-73.989677	40.756847	-73.989807	40.756626
3D7D4CFFF18E7696A12E55999D7A2FF3	2013-09-24 13:23:34	2013-09-24 13:36:45	2	791	2.0	-73.962296	40.778954	-73.981804	40.766651
3D7D4CFFF18E7696A12E55999D7A2FF3	2013-09-23 05:21:53	2013-09-23 05:40:08	1	1094	11.4	-73.99572	40.738541	-73.872948	40.774334
3D7D4CFFF18E7696A12E55999D7A2FF3	2013-09-25 09:12:30	2013-09-25 09:26:15	1	825	1.4	-73.996719	40.737419	-73.991707	40.754143
3D7D4CFFF18E7696A12E55999D7A2FF3	2013-09-25 07:48:40	2013-09-25 08:04:50	1	969	3.6	-73.986931	40.755787	-74.010246	40.70929
3D7D4CFFF18E7696A12E55999D7A2FF3	2013-09-23 10:30:38	2013-09-23 10:49:02	3	1103	4.4	-73.982689	40.742275	-74.00972	40.711292
3D7D4CFFF18E7696A12E55999D7A2FF3	2013-09-23 07:13:35	2013-09-23 07:27:51	1	856	3.3	-73.990372	40.756149	-73.953354	40.77277
3D7D4CFFF18E7696A12E55999D7A2FF3	2013-09-23 12:08:05	2013-09-23 12:11:45	1	219	0.3	-73.959633	40.774101	-73.964142	40.772217
3D7D4CFFF18E7696A12E55999D7A2FF3	2013-09-25 10:30:21	2013-09-25 11:03:24	1	1983	4.0	-73.954063	40.78154	-73.991188	40.750515
3D7D4CFFF18E7696A12E55999D7A2FF3	2013-09-29 08:08:55	2013-09-29 08:17:46	2	530	2.6	-73.985283	40.727665	-73.986427	40.754379
3D7D4CFFF18E7696A12E55999D7A2FF3	2013-09-26 15:48:21	2013-09-26 15:54:09	1	347	1.1	-73.979935	40.767262	-73.978577	40.7826
3D7D4CFFF18E7696A12E55999D7A2FF3	2013-09-24 06:26:45	2013-09-24 06:34:39	1	473	3.4	-74.008049	40.723362	-73.977348	40.764233
3D7D4CFFF18E7696A12E55999D7A2FF3	2013-09-26 06:43:30	2013-09-26 06:47:57	1	267	0.7	-73.987366	40.755428	-73.986671	40.761501
3D7D4CFFF18E7696A12E55999D7A2FF3	2013-09-23 12:00:33	2013-09-23 12:06:29	1	355	0.5	-73.962532	40.772942	-73.957741	40.776672
3D7D4CFFF18E7696A12E55999D7A2FF3	2013-09-25 07:27:38	2013-09-25 07:45:20	1	1061	2.8	-73.95417	40.784519	-73.984283	40.760216
3D7D4CFFF18E7696A12E55999D7A2FF3	2013-09-25 13:47:34	2013-09-25 14:10:34	1	1379	6.6	-74.013748	40.713879	-73.972404	40.752502
3D7D4CFFF18E7696A12E55999D7A2FF3	2013-09-23 17:28:25	2013-09-23 17:35:45	1	440	1.5	-74.003929	40.731461	-74.002144	40.747005
3D7D4CFFF18E7696A12E55999D7A2FF3	2013-09-24 05:56:43	2013-09-24 06:11:49	1	906	4.4	-74.00351	40.740376	-73.975723	40.68716
3D7D4CFFF18E7696A12E55999D7A2FF3	2013-09-26 05:35:58	2013-09-26 05:49:21	1	803	5.4	-73.997734	40.736099	-73.933197	40.74173
3D7D4CFFF18E7696A12E55999D7A2FF3	2013-09-23 11:56:23	2013-09-23 11:58:23	1	119	0.5	-73.959068	40.771774	-73.959663	40.776833
3D7D4CFFF18E7696A12E55999D7A2FF3	2013-09-24 10:54:55	2013-09-24 11:03:00	1	485	1.2	-73.956932	40.780636	-73.976311	40.788342
3D7D4CFFF18E7696A12E55999D7A2FF3	2013-09-23 09:41:02	2013-09-23 09:48:38	1	455	1.0	-73.991142	40.750072	-74.004303	40.750893
3D7D4CFFF18E7696A12E55999D7A2FF3	2013-09-26 06:33:31	2013-09-26 06:38:05	1	273	1.1	-73.987648	40.75491	-73.984291	40.742851
3D7D4CFFF18E7696A12E55999D7A2FF3	2013-09-26 07:54:56	2013-09-26 08:00:13	1	317	0.9	-73.960037	40.770317	-73.954704	40.781662
3D7D4CFFF18E7696A12E55999D7A2FF3	2013-09-24 16:35:06	2013-09-24 16:35:06	2	0	0.0	-74.00309	40.744019	0.0	0.0
3D7D4CFFF18E7696A12E55999D7A2FF3	2013-09-23 15:41:29	2013-09-23 16:07:08	1	1538	2.6	-73.963882	40.776852	-73.991455	40.749783
3D7D4CFFF18E7696A12E55999D7A2FF3	2013-09-24 05:29:41	2013-09-24 05:36:09	1	387	3.2	-74.004982	40.746418	-73.975258	40.784443
3D7D4CFFF18E7696A12E55999D7A2FF3	2013-09-24 09:22:15	2013-09-24 09:39:39	1	1043	1.6	-74.006187	40.733986	-73.991257	40.754955
3D7D4CFFF18E7696A12E55999D7A2FF3	2013-09-26 16:36:59	2013-09-26 16:45:07	3	487	1.4	-74.009079	40.717625	-73.998917	40.724846
3D7D4CFFF18E7696A12E55999D7A2FF3	2013-09-25 08:10:34	2013-09-25 08:13:57	1	202	0.8	-74.009926	40.712193	-74.001137	40.721111
3D7D4CFFF18E7696A12E55999D7A2FF3	2013-09-24 11:08:37	2013-09-24 11:41:31	1	1974	6.6	-73.968636	40.798866	-73.984802	40.741371
3D7D4CFFF18E7696A12E55999D7A2FF3	2013-09-26 10:53:50	2013-09-26 10:53:50	1	0	0.0	-73.987343	40.755081	0.0	0.0
3D7D4CFFF18E7696A12E55999D7A2FF3	2013-09-24 10:22:52	2013-09-24 10:31:57	1	544	1.1	0.0	0.0	-73.96524	40.763649
3D7D4CFFF18E7696A12E55999D7A2FF3	2013-09-23 06:14:14	2013-09-23 06:16:52	1	157	0.5	-73.9907	40.756001	-73.984398	40.761723
3D7D4CFFF18E7696A12E55999D7A2FF3	2013-09-23 15:25:54	2013-09-23 15:32:49	1	415	0.4	-73.968506	40.786472	-73.973778	40.783001
3D7D4CFFF18E7696A12E55999D7A2FF3	2013-09-23 07:37:04	2013-09-23 07:54:24	1	1039	1.6	-73.957886	40.773636	-73.973366	40.755253
3D7D4CFFF18E7696A12E55999D7A2FF3	2013-09-23 09:27:04	2013-09-23 09:39:26	2	742	0.9	-73.982323	40.762901	-73.991135	40.750557
3D7D4CFFF18E7696A12E55999D7A2FF3	2013-09-25 08:44:16	2013-09-25 08:59:26	1	909	2.3	-73.979668	40.761227	-73.994339	40.739487
3D7D4CFFF18E7696A12E55999D7A2FF3	2013-09-25 08:15:17	2013-09-25 08:39:58	1	1481	3.0	-73.999367	40.720226	-73.983658	40.755756
3D7D4CFFF18E7696A12E55999D7A2FF3	2013-09-24 13:43:16	2013-09-24 14:01:04	1	1068	2.0	-73.98246	40.761883	-74.005699	40.745125
3D7D4CFFF18E7696A12E55999D7A2FF3	2013-09-25 13:27:47	2013-09-25 13:46:16	2	1109	6.2	-73.98555	40.74147	-74.013618	40.713928
3D7D4CFFF18E7696A12E55999D7A2FF3	2013-09-23 06:22:28	2013-09-23 06:24:07	1	98	0.6	-73.990791	40.755367	-73.984505	40.764004
3D7D4CFFF18E7696A12E55999D7A2FF3	2013-09-25 11:05:21	2013-09-25 11:21:22	2	960	1.2	-73.991486	40.749893	-73.976158	40.748222
3D7D4CFFF18E7696A12E55999D7A2FF3	2013-09-24 16:15:10	2013-09-24 16:26:41	1	691	1.5	-74.00576	40.745434	-73.989059	40.758232
3D7D4CFFF18E7696A12E55999D7A2FF3	2013-09-23 08:10:09	2013-09-23 08:14:34	1	264	1.1	-73.960526	40.769634	-73.954895	40.783363
3D7D4CFFF18E7696A12E55999D7A2FF3	2013-09-23 07:02:05	2013-09-23 07:11:22	1	556	0.9	-73.981079	40.744724	-73.993752	40.751919
3D7D4CFFF18E7696A12E55999D7A2FF3	2013-09-23 16:24:40	2013-09-23 16:40:36	4	956	2.1	-74.006592	40.732491	-73.987946	40.759762
3D7D4CFFF18E7696A12E55999D7A2FF3	2013-07-23 08:21:27	2013-07-23 08:43:47	1	1339	4.4	-73.953835	40.806332	-73.981873	40.752052
3D7D4CFFF18E7696A12E55999D7A2FF3	2013-07-22 07:21:22	2013-07-22 07:29:20	1	477	1.4	-74.015121	40.718433	-73.99971	40.723438
3D7D4CFFF18E7696A12E55999D7A2FF3	2013-07-23 10:30:52	2013-07-23 10:37:32	1	400	1.1	-73.970055	40.764862	-73.970055	40.764862
3D7D4CFFF18E7696A12E55999D7A2FF3	2013-07-22 10:35:22	2013-07-22 10:46:28	2	665	2.4	-73.949341	40.790257	-73.949341	40.790257
3D7D4CFFF18E7696A12E55999D7A2FF3	2013-07-18 11:43:52	2013-07-18 11:54:17	1	624	1.2	-73.980164	40.764919	-73.980164	40.764919
3D7D4CFFF18E7696A12E55999D7A2FF3	2013-07-22 13:47:14	2013-07-22 14:04:26	1	1032	1.3	-73.949341	40.790257	-73.949341	40.790257
3D7D4CFFF18E7696A12E55999D7A2FF3	2013-07-22 10:17:14	2013-07-22 10:34:04	1	1010	4.8	-73.949341	40.790257	-73.949341	40.790257
3D7D4CFFF18E7696A12E55999D7A2FF3	2013-07-18 10:17:57	2013-07-18 10:24:08	3	371	1.1	-73.983139	40.768322	-73.983139	40.768322
3D7D4CFFF18E7696A12E55999D7A2FF3	2013-07-23 05:10:58	2013-07-23 05:14:38	1	220	1.6	-73.996292	40.738052	-73.978218	40.752586
3D7D4CFFF18E7696A12E55999D7A2FF3	2013-07-23 07:33:44	2013-07-23 07:54:14	1	1230	7.8	-73.953918	40.784359	-73.953918	40.784359
3D7D4CFFF18E7696A12E55999D7A2FF3	2013-07-18 06:49:58	2013-07-18 06:54:22	1	263	1.1	-73.998047	40.73682	-73.998047	40.73682
3D7D4CFFF18E7696A12E55999D7A2FF3	2013-07-21 11:50:02	2013-07-21 11:55:50	2	348	0.7	-73.990044	40.741005	-73.990044	40.741005
3D7D4CFFF18E7696A12E55999D7A2FF3	2013-07-21 12:57:11	2013-07-21 13:04:55	2	464	2.1	-73.981384	40.746334	-73.981384	40.746334
3D7D4CFFF18E7696A12E55999D7A2FF3	2013-07-23 10:41:21	2013-07-23 10:45:28	1	247	0.6	-73.970055	40.764862	-73.970055	40.764862
3D7D4CFFF18E7696A12E55999D7A2FF3	2013-07-21 13:45:57	2013-07-21 13:49:16	1	199	0.7	-73.981384	40.746334	-73.981384	40.746334
3D7D4CFFF18E7696A12E55999D7A2FF3	2013-07-22 14:08:15	2013-07-22 14:15:18	1	423	0.3	-73.949341	40.790257	-73.949341	40.790257
3D7D4CFFF18E7696A12E55999D7A2FF3	2013-07-23 13:40:45	2013-07-23 14:08:24	1	1658	7.8	-73.94754	40.780262	-74.008591	40.718864
3D7D4CFFF18E7696A12E55999D7A2FF3	2013-07-24 06:30:37	2013-07-24 06:40:51	1	613	3.5	0.0	0.0	0.0	0.0